TEAM,GP,PTS,FGM,FGA,FG%,3PM,3PA,3P%,FTM,FTA,FT%,OR,DR,REB,AST,STL,BLK,TO,PF,Rebounding_Percent,Offensive Rebounding_percent,Turnovers_Per_Possession,Opponent_Turnovers_Per_Possession,Opponent_Fouls_Per_Possession,Extra_Scoring_Chances_Per_Game,Effective_Possession_Ratio,Opponent_Effective_Possession_Ratio,,,,,,,,,,,,,,,,,,,,,,,,,,,,,,,
Abilene Christian Wildcats,33,76.3,26.3,60.4,43.6,6.7,21.5,31.2,16.9,22.6,74.9,10.6,21.5,32.1,14.9,11,1.8,12.5,22.2,46.30%,25.70%,17.20%,28.10%,29.00%,8.3,0.947,0.834,,,,,,,,,,,,,,,,,,,,,,,,,,,,,,,
Air Force Falcons,29,59,21.6,49.6,43.6,7.2,21.6,33.3,8.6,13.3,64.9,5.9,20.6,26.6,12.5,5.4,3,13.6,18,44.60%,17.20%,21.20%,20.00%,26.10%,-3.6,0.864,0.92,,,,,,,,,,,,,,,,,,,,,,,,,,,,,,,
Akron,33,71.2,24.4,52.9,46.2,7.9,22.2,35.7,14.4,21,68.7,9.9,25.1,35,11.9,5.8,3.3,11.5,15.8,51.90%,27.60%,17.40%,17.20%,29.10%,0.3,0.946,0.942,,,,,,,,,,,,,,,,,,,,,,,,,,,,,,,
Alabama A&M Bulldogs,30,61.4,21.9,57.8,37.9,3.9,14.4,27.1,13.8,19.4,71.3,11.1,26.7,37.8,9.5,7.1,3.2,13.6,16.1,48.80%,27.10%,19.00%,19.10%,23.70%,-0.4,0.942,0.948,,,,,,,,,,,,,,,,,,,,,,,,,,,,,,,
Alabama,32,80,27.7,62.8,44.1,9.3,30.1,30.8,15.4,21.1,73,13.5,26.4,40,14.6,7,4.7,14.6,18.7,52.50%,33.80%,19.40%,17.30%,24.50%,-0.2,0.961,0.964,,,,,,,,,,,,,,,,,,,,,,,,,,,,,,,
Alabama State Hornets,30,69,24,56.8,42.3,6.2,18.8,33,14.8,20.9,70.5,10.5,23.6,34.1,11.8,7.4,3.6,15.4,17.9,48.00%,25.80%,20.90%,18.80%,24.00%,-3.8,0.901,0.953,,,,,,,,,,,,,,,,,,,,,,,,,,,,,,,
Albany Great Danes,31,61.8,23,56.2,41,5.9,18.2,32.3,9.8,14,70.3,9.1,22.9,32,9.4,6.7,2.5,12.4,18,48.40%,22.30%,18.10%,20.00%,21.90%,1.5,0.92,0.897,,,,,,,,,,,,,,,,,,,,,,,,,,,,,,,
Alcorn State Braves,33,66.7,24,58.1,41.3,5.4,17.2,31.4,13.3,19.2,69.4,11.6,24.2,35.8,10.2,7.5,2.7,14,17.7,51.00%,29.80%,19.60%,18.60%,24.20%,1.1,0.937,0.922,,,,,,,,,,,,,,,,,,,,,,,,,,,,,,,
American University Eagles,32,63.5,24.4,54.3,45,5,15.2,33.1,9.6,13.9,69.4,8,22.8,30.7,12.2,6.5,3.1,13.4,14.9,48.10%,23.20%,19.80%,17.00%,21.10%,-2.7,0.903,0.944,,,,,,,,,,,,,,,,,,,,,,,,,,,,,,,
Appalachian State Mountaineers,33,66.9,24.2,58.1,41.7,8.2,24.8,33.3,10.2,15.5,65.9,10,25.3,35.3,12.5,5.6,2.3,10.1,12.9,49.20%,23.70%,15.50%,17.60%,23.20%,1.6,0.961,0.937,,,,,,,,,,,,,,,,,,,,,,,,,,,,,,,
Arizona State Sun Devils,31,65.4,25,60.4,41.4,6.9,22.5,30.7,8.5,12.8,66.1,9.4,26.1,35.5,13.4,6.7,4.2,11.9,18.2,47.20%,22.10%,16.90%,19.10%,21.50%,-0.5,0.938,0.946,,,,,,,,,,,,,,,,,,,,,,,,,,,,,,,
Arizona,34,84.6,30.4,61.4,49.6,7.8,21.9,35.4,15.9,21.6,73.8,11.4,29.9,41.4,19.9,6.7,5.7,13.2,16.5,55.20%,33.90%,17.60%,17.30%,25.20%,0.4,0.963,0.959,,,,,,,,,,,,,,,,,,,,,,,,,,,,,,,
Arkansas,33,76.9,26.6,60.6,44,6.4,20.8,30.7,17.3,23,75.3,11.2,26.9,38.2,14.1,7.7,4.2,12.6,16.9,52.50%,29.00%,17.00%,20.20%,26.70%,4.5,0.961,0.901,,,,,,,,,,,,,,,,,,,,,,,,,,,,,,,
Arkansas State Red Wolves,29,70.9,25.7,57,45.1,5.4,17.4,31.1,14.1,18.9,74.5,10.1,25.9,36,15.6,7.9,3.3,13.9,16.7,51.00%,27.00%,20.20%,18.90%,24.70%,-1.4,0.918,0.938,,,,,,,,,,,,,,,,,,,,,,,,,,,,,,,
Arkansas-Pine Bluff Golden Lions,31,66.4,22.9,56,40.9,6.8,22.8,30,13.8,19.3,71.5,8.8,20.6,29.5,11.5,7.2,2.6,13.2,17.5,43.30%,23.00%,19.10%,18.30%,23.90%,-3,0.914,0.956,,,,,,,,,,,,,,,,,,,,,,,,,,,,,,,
Army Black Knights,31,70.4,25.9,59.3,43.7,6.7,21,32.1,11.8,18.7,63,11.2,26,37.2,12.5,7.8,1.9,13.2,14.8,50.70%,27.20%,18.50%,18.90%,23.90%,1.3,0.941,0.922,,,,,,,,,,,,,,,,,,,,,,,,,,,,,,,
Auburn,32,78.7,27.9,63.6,44,8.1,25.4,32,14.7,20.1,73.3,12.5,27.5,39.9,14.6,8.8,7.9,12.1,18.6,52.20%,31.00%,16.20%,20.10%,23.60%,4,0.975,0.921,,,,,,,,,,,,,,,,,,,,,,,,,,,,,,,
Austin Peay Governors,29,64.7,23.1,56.5,40.8,7.9,25,31.5,10.6,15,70.6,10.6,22.2,32.8,13.5,6.4,2,13.9,16.7,48.30%,27.80%,21.00%,20.50%,24.10%,0.7,0.928,0.917,,,,,,,,,,,,,,,,,,,,,,,,,,,,,,,
Ball State Cardinals,31,74.3,25.4,57.5,44.2,8.5,23.7,36.1,14.9,21.5,69.4,9.7,25.9,35.6,13.2,6.1,2.4,14,17.9,49.40%,25.40%,19.20%,16.80%,27.00%,-2.1,0.921,0.95,,,,,,,,,,,,,,,,,,,,,,,,,,,,,,,
Baylor,32,76.5,28.2,60.9,46.4,7.9,23,34.6,12.1,17.4,69.8,12.8,24.4,37.1,15.8,8.8,3.4,12.5,15.8,53.70%,34.50%,17.80%,22.30%,23.40%,5.8,0.978,0.896,,,,,,,,,,,,,,,,,,,,,,,,,,,,,,,
Bellarmine Knights,33,70.1,26.6,56,47.5,7.8,22.9,34,9.1,12.1,75.2,7.3,23,30.3,14.5,5.6,1.7,9.5,14.3,46.00%,21.40%,14.80%,17.40%,23.40%,-0.7,0.948,0.958,,,,,,,,,,,,,,,,,,,,,,,,,,,,,,,
Belmont Bruins,32,78.5,29.1,59.4,48.9,8.6,25.8,33.2,11.8,16,74,7.9,25.7,33.6,18.1,9.2,3.9,11.9,13.5,50.00%,23.20%,16.70%,20.80%,20.20%,1.1,0.928,0.913,,,,,,,,,,,,,,,,,,,,,,,,,,,,,,,
Bethune-Cookman Wildcats,30,63.4,23.7,56.8,41.6,4.8,14.3,33.6,11.2,16.3,68.9,10,22.6,32.6,10.8,7.9,2.4,13.3,17.1,47.50%,25.20%,19.30%,19.90%,23.00%,-0.1,0.925,0.926,,,,,,,,,,,,,,,,,,,,,,,,,,,,,,,
Binghamton Bearcats,29,67.7,25.7,58.3,44.1,7.3,20.8,35.4,8.9,13.4,66.1,9.6,26.4,36,11.5,5.7,3.7,12.6,16.7,49.70%,25.00%,18.30%,15.50%,21.00%,-1.8,0.932,0.957,,,,,,,,,,,,,,,,,,,,,,,,,,,,,,,
Boise State,34,68.7,24.5,54.6,44.8,7.4,21.2,34.8,12.4,19.1,64.9,10.2,24.8,35,11.5,5.9,3.5,12.1,15.1,53.60%,29.30%,18.20%,19.80%,29.00%,3.6,0.95,0.896,,,,,,,,,,,,,,,,,,,,,,,,,,,,,,,
Boston College Eagles,33,66.9,24.6,57.5,42.8,5.8,18.6,30.9,12,17,70.4,10.7,23.6,34.3,12.4,7.2,2.9,11.9,15.6,50.90%,28.10%,17.60%,18.40%,24.20%,2.3,0.959,0.926,,,,,,,,,,,,,,,,,,,,,,,,,,,,,,,
Boston University Terriers,33,71.3,25.8,56.4,45.9,7.6,21.2,35.8,12,16.4,73.2,10.3,24.7,34.9,11.1,5.8,2.5,12.2,15.7,53.30%,28.80%,18.00%,16.40%,24.40%,0.3,0.946,0.942,,,,,,,,,,,,,,,,,,,,,,,,,,,,,,,
Bowling Green Falcons,31,80.3,28.4,65.3,43.5,8.2,24.2,34,15.2,20.5,73.9,12.2,26.6,38.8,12.6,7.3,3.4,12.3,17.7,49.00%,28.60%,16.10%,17.00%,23.70%,1.1,0.975,0.96,,,,,,,,,,,,,,,,,,,,,,,,,,,,,,,
Bradley Braves,31,70.5,25.8,58.1,44.4,7.8,23,33.8,11.2,16.2,68.9,11.3,27.5,38.8,13.5,6.4,4.6,13.5,17,54.40%,30.80%,19.50%,17.90%,23.00%,1.5,0.944,0.922,,,,,,,,,,,,,,,,,,,,,,,,,,,,,,,
Brown Bears,29,71,25.5,58.6,43.5,7.2,23,31.3,12.8,18,70.9,10.5,25,35.5,12.2,6.7,3.9,13.1,18,49.70%,26.00%,18.60%,19.00%,25.90%,0.9,0.933,0.92,,,,,,,,,,,,,,,,,,,,,,,,,,,,,,,
Bryant,31,77.9,27.4,62.6,43.7,8.4,27.2,30.8,14.8,20.2,73.3,12.6,28.9,41.5,14.1,6.3,4.5,13.9,16.8,51.40%,30.70%,18.50%,16.00%,24.10%,-2,0.954,0.981,,,,,,,,,,,,,,,,,,,,,,,,,,,,,,,
Bucknell Bison,32,71.2,25.6,55.9,45.7,7.9,21,37.6,12.1,15.8,76.5,7,24.7,31.7,14.7,4.6,3.1,13.4,15.3,47.10%,19.10%,19.00%,13.50%,21.50%,-7.8,0.89,1,,,,,,,,,,,,,,,,,,,,,,,,,,,,,,,
Buffalo Bulls,30,79.9,29.7,65.2,45.5,8.5,24.9,34.2,12,17,70.9,14.2,28.3,42.4,15,7.1,4.6,13.2,17.1,54.70%,35.40%,18.20%,15.50%,22.20%,1.1,0.986,0.97,,,,,,,,,,,,,,,,,,,,,,,,,,,,,,,
Butler Bulldogs,33,63.8,22.7,54.5,41.6,6.9,22.8,30.5,11.5,16.5,69.6,9,23.8,32.8,11,5.2,2.4,12,16.7,49.10%,24.20%,17.80%,16.70%,25.30%,-1,0.933,0.948,,,,,,,,,,,,,,,,,,,,,,,,,,,,,,,
BYU Cougars,32,73.7,27,59.7,45.3,7.8,22.1,35.5,11.8,16.3,72.5,10.8,28.4,39.2,14.1,5,3.2,12.8,17.7,54.90%,28.50%,18.20%,14.90%,23.90%,-0.5,0.944,0.95,,,,,,,,,,,,,,,,,,,,,,,,,,,,,,,
Cal Poly Mustangs,28,61.5,21.2,51.8,40.9,5.3,18.1,29,13.9,19,72.8,9.3,25.7,35,10.5,4.7,2.4,14.7,19.4,51.00%,25.40%,22.10%,16.60%,28.30%,-4.2,0.888,0.951,,,,,,,,,,,,,,,,,,,,,,,,,,,,,,,
California Baptist Lancers,33,71,24.6,55.8,44.1,8,24,33.3,13.9,20.7,67.1,10,27.2,37.2,16,5.1,2.8,14,18.4,50.50%,26.80%,20.10%,17.00%,27.80%,-2.4,0.92,0.955,,,,,,,,,,,,,,,,,,,,,,,,,,,,,,,
California Golden Bears,32,63.1,23.6,56.2,42,5.5,17.8,30.8,10.3,14.2,72.7,8.7,26.3,35,10.7,4.9,2.6,11.3,16.6,50.90%,23.10%,16.80%,14.30%,21.40%,-0.9,0.941,0.954,,,,,,,,,,,,,,,,,,,,,,,,,,,,,,,
Campbell Fighting Camels,29,66.2,24.9,54,46,6.3,19.9,31.8,10.1,14.9,68,7.1,24.8,31.9,13.9,6.2,2.3,10.4,13.8,48.60%,19.90%,16.10%,18.00%,23.30%,-0.3,0.928,0.933,,,,,,,,,,,,,,,,,,,,,,,,,,,,,,,
Canisius Golden Griffins,32,68.5,24.3,60.7,40,7.4,24.1,30.6,12.6,18.1,69.3,11.2,24.3,35.5,13,6,2.6,11.8,17.2,48.90%,24.80%,16.40%,17.30%,23.50%,2.4,0.955,0.922,,,,,,,,,,,,,,,,,,,,,,,,,,,,,,,
Central Arkansas Bears,31,73.2,27.8,63.2,44,6.7,22.2,30,10.9,14.3,76.1,10.1,25.4,35.5,14.3,6.8,3.2,13.7,16.7,47.20%,24.90%,18.50%,16.10%,19.20%,-2.9,0.926,0.965,,,,,,,,,,,,,,,,,,,,,,,,,,,,,,,
Central Connecticut Blue Devils,32,61.8,21.6,54.8,39.3,7.3,21.5,34.2,11.3,16,70.8,9.3,22.6,31.9,10.6,6.2,2.2,13.8,16.1,46.60%,23.40%,20.10%,18.40%,22.20%,-2.8,0.906,0.948,,,,,,,,,,,,,,,,,,,,,,,,,,,,,,,
Central Michigan Chippewas,30,65.9,23.1,56.5,40.9,7.7,22.7,34.1,11.9,17.2,69.2,9.2,24,33.2,11.5,6.3,3,13.6,19.9,46.60%,22.90%,19.20%,16.20%,24.20%,-4.2,0.914,0.973,,,,,,,,,,,,,,,,,,,,,,,,,,,,,,,
Charleston Cougars,32,78.2,28,63.7,43.9,8.1,23.9,33.9,14.1,19.3,73,13.8,26.6,40.3,13.2,8,2.8,15.6,20.6,54.70%,34.70%,20.40%,18.70%,23.70%,3.4,0.951,0.907,,,,,,,,,,,,,,,,,,,,,,,,,,,,,,,
Charleston Southern Buccaneers,31,68.5,24,59,40.8,8.3,26.8,30.8,12.1,17.9,67.6,10.6,25.6,36.2,12,6.5,3,14.6,16.2,48.40%,24.80%,21.00%,17.10%,22.80%,-1.5,0.911,0.932,,,,,,,,,,,,,,,,,,,,,,,,,,,,,,,
Charlotte 49ers,31,70,25.2,54.8,46,7.5,21.8,34.5,12.1,15.3,79.2,7.1,24.2,31.3,14,4.8,2.9,11.5,14.1,49.00%,20.40%,16.90%,16.60%,21.80%,-1.3,0.917,0.935,,,,,,,,,,,,,,,,,,,,,,,,,,,,,,,
Chattanooga,34,74.8,27.5,58.6,46.9,8,23.1,34.6,11.8,15.7,75.2,10.6,25.3,35.9,13,7.2,2.2,11,15.5,53.40%,30.90%,16.60%,17.60%,21.90%,2.3,0.965,0.931,,,,,,,,,,,,,,,,,,,,,,,,,,,,,,,
Chicago State Cougars,32,62.1,21.9,56,39.1,7.6,24.5,31,10.8,16.4,65.4,11.6,21.8,33.3,9.5,5.5,2.3,14.8,19.7,48.30%,29.70%,21.50%,18.40%,25.50%,-1.4,0.925,0.945,,,,,,,,,,,,,,,,,,,,,,,,,,,,,,,
Cincinnati Bearcats,33,69.4,24.6,61,40.4,8.2,25.8,31.5,12.1,18,66.9,11.5,25.6,37.2,13.1,6.3,3.8,10.5,17.5,49.60%,28.50%,14.90%,17.50%,23.60%,2.3,0.993,0.96,,,,,,,,,,,,,,,,,,,,,,,,,,,,,,,
Clemson Tigers,33,71.7,25.8,56.6,45.6,7.8,21.4,36.3,12.4,16.8,73.6,8.5,26.1,34.6,14.2,5.9,2.3,11,15.8,51.40%,24.20%,16.20%,16.70%,23.60%,0.2,0.945,0.942,,,,,,,,,,,,,,,,,,,,,,,,,,,,,,,
Cleveland State Vikings,30,75.6,27.5,57.4,47.9,6.5,19.7,33.2,14,20.9,67.1,11.1,23.9,35,16.7,8.6,3.4,13.4,18.1,51.50%,32.20%,19.10%,21.50%,23.60%,2.1,0.946,0.917,,,,,,,,,,,,,,,,,,,,,,,,,,,,,,,
Coastal Carolina Chanticleers,29,72.8,26.2,58.2,45.1,7.4,20.6,36.1,12.9,18.6,69.5,12.4,27.4,39.9,13.4,6.6,3.7,13.1,14.5,52.90%,31.60%,20.00%,16.40%,23.00%,-2,0.944,0.973,,,,,,,,,,,,,,,,,,,,,,,,,,,,,,,
Colgate,34,76.1,27.7,58.2,47.6,9.9,24.6,40.3,10.7,15.4,69.5,8.8,27.4,36.2,17.2,6.2,3.7,11.3,14.5,51.90%,25.00%,16.60%,15.90%,21.70%,-0.3,0.944,0.949,,,,,,,,,,,,,,,,,,,,,,,,,,,,,,,
Colorado Buffaloes,32,71.2,24.8,55.9,44.3,6.9,18.6,37,14.8,19.6,75.3,10,27.2,37.3,13.3,5.6,3.2,13.6,15.8,53.60%,27.50%,19.30%,17.20%,26.70%,-0.7,0.924,0.934,,,,,,,,,,,,,,,,,,,,,,,,,,,,,,,
Colorado State,30,73.7,26.6,54.8,48.5,7.6,21.3,35.8,12.9,16.7,77.4,6.6,25.3,31.9,14.2,6.3,3.2,10.1,14.9,49.80%,20.80%,15.00%,18.10%,25.90%,0.6,0.938,0.929,,,,,,,,,,,,,,,,,,,,,,,,,,,,,,,
Columbia Lions,26,67.4,25,58.8,42.5,7.6,21.4,35.6,9.7,15.5,62.7,10.2,25.2,35.3,12,5.9,2,15.2,16.7,48.50%,24.70%,21.00%,16.10%,20.90%,-3.6,0.907,0.956,,,,,,,,,,,,,,,,,,,,,,,,,,,,,,,
Coppin State Eagles,32,66.9,22.3,57.8,38.6,8.6,28.9,29.7,13.7,20,68.4,7.8,26.4,34.2,11,8.1,3,14.4,16.9,44.00%,18.50%,19.10%,20.90%,22.70%,-3.1,0.899,0.94,,,,,,,,,,,,,,,,,,,,,,,,,,,,,,,
Cornell Big Red,26,79.2,28.3,60.6,46.7,9.7,27.7,34.8,13,18.4,70.7,9.9,28,37.9,17.3,7.9,2.9,14.2,18.7,49.70%,24.60%,19.30%,17.80%,25.10%,-2.8,0.913,0.95,,,,,,,,,,,,,,,,,,,,,,,,,,,,,,,
Creighton,33,69,25.8,57.2,45,6.7,21.8,30.7,10.8,14.8,72.9,9.6,28.6,38.3,13.2,5.4,4.4,14.1,13.5,51.90%,26.60%,20.00%,15.10%,21.80%,-4.7,0.917,0.984,,,,,,,,,,,,,,,,,,,,,,,,,,,,,,,
CSU Bakersfield Roadrunners,27,64,24,57,42,3.8,13.3,28.4,12.3,17.4,70.9,11.7,22.7,34.5,9.9,5.9,2.2,11.7,20.7,51.40%,31.20%,17.60%,19.70%,26.50%,4.6,0.972,0.901,,,,,,,,,,,,,,,,,,,,,,,,,,,,,,,
CSU Fullerton,31,70.3,24.8,55.4,44.7,5.5,16.7,33,15.2,19.9,76.3,9.7,23.9,33.5,11.3,7.3,2,12.3,16.1,50.60%,27.30%,17.80%,19.90%,28.40%,1.7,0.943,0.918,,,,,,,,,,,,,,,,,,,,,,,,,,,,,,,
CSU Northridge Matadors,30,61.6,22.6,56.1,40.3,5.1,16.9,30.3,11.2,16.5,68.2,9.8,21.9,31.7,9.2,7.2,2.5,12.2,18.7,45.50%,25.20%,18.10%,19.50%,24.20%,0.5,0.943,0.935,,,,,,,,,,,,,,,,,,,,,,,,,,,,,,,
Dartmouth Big Green,25,68.4,24.3,58.4,41.7,8.9,26.2,33.9,10.8,14,77.2,8.4,24.7,33.1,10.4,6.6,3.4,11.5,16.1,47.90%,22.50%,17.10%,18.70%,23.30%,0.6,0.936,0.927,,,,,,,,,,,,,,,,,,,,,,,,,,,,,,,
Davidson,33,75.6,26.7,55.4,48.1,8.8,22.8,38.6,13.4,17.7,75.7,7.4,26.8,34.2,14.7,4.7,2.6,9.8,14.7,52.10%,22.40%,14.70%,16.70%,27.00%,1.1,0.949,0.933,,,,,,,,,,,,,,,,,,,,,,,,,,,,,,,
Dayton Flyers,33,69.1,25.5,53.5,47.7,6.7,18.2,36.5,11.4,16.8,68.2,9.4,25.6,35,14.4,5.7,3.8,12.5,14,54.70%,28.20%,19.00%,17.10%,24.60%,0.1,0.931,0.929,,,,,,,,,,,,,,,,,,,,,,,,,,,,,,,
Delaware,34,73.8,26.1,55.6,46.9,7.6,21.5,35.2,14,18.9,74.3,8.6,24.1,32.8,12.7,6.6,3.7,12.6,15.7,48.90%,25.60%,18.10%,18.10%,25.60%,-1.7,0.927,0.952,,,,,,,,,,,,,,,,,,,,,,,,,,,,,,,
Delaware State Hornets,28,62.8,22.6,56,40.4,6,18.6,32.5,11.5,17.1,67.2,10,25.3,35.3,9.7,7.3,4,17.5,18,46.60%,23.80%,24.90%,18.80%,24.80%,-7.8,0.855,0.962,,,,,,,,,,,,,,,,,,,,,,,,,,,,,,,
Denver Pioneers,32,70.5,25.5,55.4,46,7.3,19.7,36.8,12.3,17.6,69.7,7.6,24.6,32.3,12.3,5.2,3.3,12.9,17.4,48.40%,21.20%,18.20%,16.20%,25.20%,-3.3,0.908,0.955,,,,,,,,,,,,,,,,,,,,,,,,,,,,,,,
DePaul Blue Demons,31,73.3,26.3,60.7,43.3,6.6,20.8,31.7,14.1,20.3,69.3,11.8,26.7,38.5,11.4,6.2,5,12.3,15.7,51.60%,30.30%,17.00%,16.40%,24.90%,0.8,0.974,0.962,,,,,,,,,,,,,,,,,,,,,,,,,,,,,,,
Detroit Mercy Titans,29,70.4,24.9,56.9,43.7,10.4,28,37.3,10.3,13.1,78.2,9.2,22.4,31.6,12.1,5.9,1.9,11.7,15.5,48.70%,27.00%,17.80%,18.90%,23.30%,0.8,0.946,0.935,,,,,,,,,,,,,,,,,,,,,,,,,,,,,,,
Dixie State Trailblazers,31,72.5,25.6,60.2,42.6,7.1,22.5,31.4,14.1,20.8,67.9,10.8,27.6,38.5,15.5,6.7,2.4,15,18.8,48.50%,24.30%,20.60%,17.40%,27.10%,-3.3,0.908,0.952,,,,,,,,,,,,,,,,,,,,,,,,,,,,,,,
Drake Bulldogs,34,73.5,26.8,59.1,45.4,6.9,20.5,33.8,12.9,17.1,75.3,10.3,24.6,34.9,11.6,7.1,3.2,10.8,16.9,51.90%,29.10%,15.50%,19.40%,24.20%,4.5,0.981,0.915,,,,,,,,,,,,,,,,,,,,,,,,,,,,,,,
Drexel Dragons,29,72.8,27.4,59.2,46.3,7.3,21,34.6,10.7,15,71,8.6,25.6,34.2,12.5,4.8,3,10.9,15.2,50.10%,24.90%,16.10%,16.00%,23.40%,-0.1,0.95,0.951,,,,,,,,,,,,,,,,,,,,,,,,,,,,,,,
Duke,34,80.2,29.7,60.7,48.9,8.2,22.2,36.8,12.6,17.4,72.9,10.7,27.6,38.3,16.9,6.5,5.5,10.2,13.7,53.00%,30.50%,14.60%,15.70%,22.50%,0.8,0.987,0.976,,,,,,,,,,,,,,,,,,,,,,,,,,,,,,,
Duquesne Dukes,30,65.2,24.7,61.4,40.3,6.2,20.5,30.5,9.5,13.4,70.7,11.4,22.7,34.1,10,6.6,4.4,11.5,13.9,47.40%,27.30%,16.50%,18.50%,20.40%,2.2,0.975,0.943,,,,,,,,,,,,,,,,,,,,,,,,,,,,,,,
East Carolina Pirates,30,68.8,23.3,57.5,40.6,7.5,22.5,33.3,14.5,19.3,75.4,10,25.2,35.2,14.7,6.8,3.1,13,16.2,49.30%,25.00%,18.30%,18.10%,24.80%,-0.5,0.933,0.94,,,,,,,,,,,,,,,,,,,,,,,,,,,,,,,
East Tennessee State Buccaneers,32,72.1,26.7,60,44.4,8.8,25.1,35,10,13.8,72.5,10.9,23.9,34.8,13.1,6.8,2.8,11.3,14.8,49.60%,29.00%,16.60%,16.20%,21.20%,-0.2,0.972,0.975,,,,,,,,,,,,,,,,,,,,,,,,,,,,,,,
Eastern Illinois Panthers,31,56.3,20.1,50.5,39.8,6,18.3,32.6,10.2,15.9,63.8,7.1,22.3,29.4,11.8,6.3,3,16,14.5,43.90%,18.30%,23.60%,17.90%,23.70%,-7.5,0.847,0.959,,,,,,,,,,,,,,,,,,,,,,,,,,,,,,,
Eastern Kentucky Colonels,31,79.3,28.6,68.5,41.7,11.7,33.2,35.3,10.3,14.6,70.6,12.6,23.6,36.2,15.6,10.2,3.6,11.6,16.6,46.10%,26.90%,15.30%,21.90%,19.70%,6.1,0.987,0.905,,,,,,,,,,,,,,,,,,,,,,,,,,,,,,,
Eastern Michigan Eagles,31,69.1,25.2,58.6,43.1,6.3,20.5,30.8,12.4,17.8,69.5,8.5,26.3,34.8,10.1,5.8,3.2,13.8,17.5,47.60%,21.20%,18.80%,16.50%,23.30%,-3.3,0.907,0.951,,,,,,,,,,,,,,,,,,,,,,,,,,,,,,,
Eastern Washington Eagles,33,76.9,26.6,58.8,45.3,8.8,25,35,14.8,19.7,75.3,9.2,27.7,36.8,15.8,5.5,2.8,13.2,18.6,50.70%,23.40%,17.90%,15.40%,25.90%,-2.4,0.921,0.954,,,,,,,,,,,,,,,,,,,,,,,,,,,,,,,
Elon Phoenix,32,67.1,23.9,56.3,42.6,8.5,24.9,34.2,10.7,14.5,73.7,8.9,24.3,33.2,12.5,4.8,2.4,13,20.3,47.90%,23.20%,19.50%,16.20%,25.40%,-3.3,0.91,0.959,,,,,,,,,,,,,,,,,,,,,,,,,,,,,,,
Evansville Purple Aces,30,59.2,21,52.7,39.8,8.2,24.8,33,9.1,12.8,70.8,4.9,22.3,27.2,10.5,5.9,2,11.2,14.7,43.50%,12.50%,17.00%,17.60%,22.70%,-1.1,0.889,0.906,,,,,,,,,,,,,,,,,,,,,,,,,,,,,,,
Fairfield Stags,33,67.8,24.8,57.3,43.4,7.6,22.4,34,10.5,15,70.4,9.5,25.1,34.6,11.9,5.4,3.1,11,15.9,49.80%,25.20%,16.30%,16.50%,24.50%,0.3,0.951,0.946,,,,,,,,,,,,,,,,,,,,,,,,,,,,,,,
Fairleigh Dickinson Knights,26,67.2,24.3,59.8,40.6,6.8,21.2,32.4,11.8,16.6,70.8,10.3,22.8,33.1,11.8,6.5,3,13.7,18.2,46.10%,26.00%,18.90%,17.80%,21.70%,-2.5,0.933,0.967,,,,,,,,,,,,,,,,,,,,,,,,,,,,,,,
Florida A&M Rattlers,30,65.1,24.4,56.8,43,4.6,15.1,30.2,11.6,16.5,70.5,9,23.6,32.6,12,6.3,3.1,12.5,17.7,46.10%,24.70%,18.30%,18.00%,23.00%,-3,0.929,0.973,,,,,,,,,,,,,,,,,,,,,,,,,,,,,,,
Florida Atlantic Owls,33,74.2,26.6,58.6,45.4,8.8,25.2,34.9,12.2,17.1,71.1,11,25.3,36.3,13.4,7.4,2.8,13,16.9,52.80%,30.20%,19.40%,18.90%,23.20%,1.3,0.936,0.918,,,,,,,,,,,,,,,,,,,,,,,,,,,,,,,
Florida Gators,32,70.8,24.2,56.5,42.8,8,26,30.7,14.4,19.6,73.5,11,22.5,33.5,12.8,8.1,5.2,12.3,16,49.20%,30.20%,17.90%,21.00%,25.70%,2.9,0.958,0.915,,,,,,,,,,,,,,,,,,,,,,,,,,,,,,,
Florida Gulf Coast Eagles,32,77.4,27.6,61.2,45.1,10.1,28.9,34.9,12.2,17.9,67.8,11.3,27.6,39,15.8,6.7,5,13.4,14.7,52.00%,29.10%,18.60%,15.50%,21.50%,-1.8,0.945,0.97,,,,,,,,,,,,,,,,,,,,,,,,,,,,,,,
Florida International Panthers,32,70.8,25.4,59.1,43,9.6,27.5,35,10.3,14.7,70.2,9.7,25.4,35,13.8,6.4,4,14,15.4,48.60%,24.90%,19.70%,18.10%,20.40%,-2.1,0.918,0.947,,,,,,,,,,,,,,,,,,,,,,,,,,,,,,,
Florida State Seminoles,31,71,25.8,59.4,43.4,6.7,20.3,33.1,12.7,18,70.8,11.4,23.5,34.9,14.4,8.5,4.9,12.5,16.3,49.80%,29.60%,17.70%,20.40%,22.60%,2.5,0.96,0.925,,,,,,,,,,,,,,,,,,,,,,,,,,,,,,,
Fordham Rams,32,66.1,23,58.4,39.4,7.4,25,29.7,12.6,17.4,72.7,10.2,26.6,36.8,11.8,7.3,3.7,13.2,17.7,49.90%,26.30%,18.50%,19.20%,24.20%,1.8,0.942,0.916,,,,,,,,,,,,,,,,,,,,,,,,,,,,,,,
Fresno State Bulldogs,32,64.7,23.2,52.8,43.9,6.6,20.2,32.6,11.7,16.1,72.5,8.9,25,33.9,11.6,5.9,2.6,11.3,15.4,52.80%,26.20%,17.80%,19.10%,25.60%,2.5,0.941,0.903,,,,,,,,,,,,,,,,,,,,,,,,,,,,,,,
Furman Paladins,34,77.6,27.8,59.9,46.4,11.8,31,38,10.3,13.6,75.7,9.3,23.8,33.1,17.4,8.3,3.5,10.5,14.6,49.40%,25.60%,15.40%,18.80%,20.20%,2.1,0.962,0.932,,,,,,,,,,,,,,,,,,,,,,,,,,,,,,,
Gardner-Webb Runnin' Bulldogs,31,69.5,25.3,57,44.4,7.4,22.5,32.9,11.5,16.4,70.1,9.8,27.1,36.9,13.2,7.3,4.7,13.4,18.3,50.80%,25.80%,19.70%,18.70%,23.20%,-0.6,0.922,0.931,,,,,,,,,,,,,,,,,,,,,,,,,,,,,,,
George Mason Patriots,30,70.7,25,56.2,44.6,9.3,26.1,35.8,11.3,16.3,69.4,8.3,26.4,34.7,14.1,5.1,3.2,12.2,16.1,51.30%,23.60%,17.60%,16.80%,24.60%,-0.2,0.926,0.929,,,,,,,,,,,,,,,,,,,,,,,,,,,,,,,
George Washington Colonials,30,68.4,25.3,59,42.8,7.1,21.1,33.8,10.7,15.4,69.6,8.3,25,33.3,12.3,6.9,4.2,12.6,17.1,46.20%,21.20%,17.60%,17.60%,20.20%,-2.5,0.922,0.957,,,,,,,,,,,,,,,,,,,,,,,,,,,,,,,
Georgetown Hoyas,31,70.7,24.8,62.1,40,7.6,22.4,34.2,13.4,18,74.4,12.7,24.5,37.3,11.8,7.2,3.8,13.4,16.2,50.10%,31.00%,18.40%,17.60%,22.00%,1.7,0.968,0.945,,,,,,,,,,,,,,,,,,,,,,,,,,,,,,,
Georgia Bulldogs,32,69.8,23.8,53.9,44.2,6.4,19.9,32.1,15.7,21,74.7,8.5,24.2,32.7,13.9,5.2,2.2,14.4,15,48.40%,22.30%,20.20%,15.40%,24.90%,-6.2,0.89,0.977,,,,,,,,,,,,,,,,,,,,,,,,,,,,,,,
Georgia Southern Eagles,29,66.4,24.6,55.1,44.7,5.9,19.3,30.4,11.3,16.7,68,9.8,24.9,34.7,12,7.4,3.4,14.3,17.6,48.40%,27.20%,20.80%,18.60%,23.40%,-2.5,0.917,0.954,,,,,,,,,,,,,,,,,,,,,,,,,,,,,,,
Georgia State,28,70.6,25,62,40.3,7.7,23.4,32.9,13,18.1,71.7,13.3,24,37.3,13.5,8.9,4.5,11.9,15.8,49.80%,31.00%,16.50%,22.10%,23.80%,6.5,0.991,0.899,,,,,,,,,,,,,,,,,,,,,,,,,,,,,,,
Georgia Tech Yellow Jackets,32,68.6,25.7,58.3,44.1,7.1,20.2,35.3,10,14.4,69.8,8.9,25.1,34,13.7,7.8,2.6,13.1,18,48.50%,23.00%,18.60%,18.40%,20.80%,-1,0.917,0.931,,,,,,,,,,,,,,,,,,,,,,,,,,,,,,,
Gonzaga,29,87.8,32.9,62.4,52.7,8.4,22.1,37.9,13.6,18.6,73,9.4,32.1,41.5,18.2,6.7,5.9,11.8,15.4,56.00%,27.70%,15.60%,16.70%,23.70%,1.2,0.955,0.938,,,,,,,,,,,,,,,,,,,,,,,,,,,,,,,
Grambling Tigers,32,65.4,23.4,57.6,40.7,5.1,16.2,31.5,13.5,19,71,10.4,25.4,35.8,10.9,6.6,3.3,14.2,18.3,47.80%,25.70%,19.50%,18.80%,22.80%,-1.5,0.928,0.948,,,,,,,,,,,,,,,,,,,,,,,,,,,,,,,
Grand Canyon Antelopes,31,71.1,25.3,58.8,43,8.2,23.2,35.1,12.4,18.2,67.9,12.8,27.5,40.3,12.8,6.6,2.2,13,17.8,53.60%,33.40%,18.70%,18.10%,25.60%,1.1,0.967,0.951,,,,,,,,,,,,,,,,,,,,,,,,,,,,,,,
Green Bay Phoenix,30,61.7,22.3,53.1,41.9,5.2,18.4,28.2,12,16.8,71.4,9,21,30,10.7,5,2.8,12.9,15.4,47.70%,23.80%,19.50%,17.70%,25.70%,-1.3,0.914,0.933,,,,,,,,,,,,,,,,,,,,,,,,,,,,,,,
Hampton Pirates,28,64.8,22.4,56.3,39.8,5.8,19.8,29.1,14.2,20.3,70,8.4,26,34.5,10.6,5.2,4,12.6,18.4,45.90%,19.50%,17.70%,15.90%,25.20%,-5,0.915,0.985,,,,,,,,,,,,,,,,,,,,,,,,,,,,,,,
Hartford Hawks,32,69.8,25,55.6,44.9,9.3,25.1,36.9,10.6,15.3,69,7.8,24.7,32.4,12.2,6,3.2,12.2,15,48.30%,21.30%,17.70%,16.10%,21.10%,-3.1,0.915,0.96,,,,,,,,,,,,,,,,,,,,,,,,,,,,,,,
Harvard Crimson,26,71.8,26.1,60.4,43.2,8.6,25.8,33.2,11,15.9,69.2,9.3,25.4,34.7,11.4,7.6,2.5,12.3,15.8,49.10%,23.30%,17.10%,20.30%,23.20%,3.8,0.94,0.886,,,,,,,,,,,,,,,,,,,,,,,,,,,,,,,
Hawai'i Rainbow Warriors,28,68.9,23.8,54.1,44.1,8.1,22.7,35.8,13.1,17.6,74.4,9.3,25.9,35.2,12.3,3.5,2.1,13,16.8,52.70%,28.10%,19.30%,15.60%,26.90%,-1.3,0.929,0.949,,,,,,,,,,,,,,,,,,,,,,,,,,,,,,,
High Point Panthers,32,69.5,25.3,57.2,44.2,6.5,19.4,33.5,12.5,19.6,64,10.1,25.6,35.7,12.5,6.5,4.7,13.3,17.3,48.80%,25.80%,19.10%,17.40%,24.50%,-2.1,0.929,0.959,,,,,,,,,,,,,,,,,,,,,,,,,,,,,,,
Hofstra Pride,32,77.9,29,62.6,46.3,9.5,28,34,10.4,13.1,79.7,8.2,25,33.2,15.5,8,2.7,10.3,14.9,47.70%,21.00%,14.40%,20.00%,21.60%,2.9,0.949,0.909,,,,,,,,,,,,,,,,,,,,,,,,,,,,,,,
Holy Cross Crusaders,31,65.2,23.9,57.8,41.4,5.8,17,34.3,11.5,16.3,70.8,10.2,23.6,33.9,10.2,5.9,3.8,12.5,16.9,47.70%,24.80%,17.80%,17.20%,23.90%,-0.6,0.942,0.95,,,,,,,,,,,,,,,,,,,,,,,,,,,,,,,
Houston Baptist Huskies,29,75.5,26.3,59,44.5,6.9,21.4,32.2,16.1,22.6,71.1,11.6,24.6,36.2,13.4,7.9,2.6,15.1,19,50.00%,27.20%,20.20%,18.70%,26.40%,-0.1,0.917,0.918,,,,,,,,,,,,,,,,,,,,,,,,,,,,,,,
Houston,34,75.8,28.1,60,46.9,8,23.5,34.1,11.5,17.2,66.9,13.4,25.9,39.2,16.7,8.2,5.2,11.3,17.4,55.50%,38.00%,16.80%,21.10%,25.00%,7.7,1.012,0.898,,,,,,,,,,,,,,,,,,,,,,,,,,,,,,,
Howard Bison,29,76.4,26.2,59.6,43.9,8.4,23.6,35.9,15.6,20.9,74.5,10.3,24.1,34.4,14.4,8.4,3.6,14.8,18.1,46.90%,24.60%,20.20%,22.90%,24.70%,-0.9,0.902,0.914,,,,,,,,,,,,,,,,,,,,,,,,,,,,,,,
Idaho State Bengals,30,64.4,22.4,53.6,41.9,7.1,22.8,31,12.4,18.2,68.4,10,22.7,32.7,10.4,4.5,2.2,13.8,18.2,49.00%,25.10%,20.60%,16.30%,28.50%,-2.3,0.908,0.942,,,,,,,,,,,,,,,,,,,,,,,,,,,,,,,
Idaho Vandals,31,73,25.2,56.9,44.2,8,21.5,37.2,14.7,20,73.5,8.2,26,34.2,11.9,3.5,2.2,13.6,19.6,48.20%,20.90%,18.20%,14.20%,25.50%,-4,0.912,0.967,,,,,,,,,,,,,,,,,,,,,,,,,,,,,,,
Illinois,31,75.8,26.7,58.9,45.3,9.2,25.1,36.7,13.2,18.6,70.8,11.6,27,38.6,15.4,5.2,3,12.2,16.4,54.30%,31.70%,17.30%,15.20%,25.70%,0.5,0.969,0.961,,,,,,,,,,,,,,,,,,,,,,,,,,,,,,,
Illinois State Redbirds,33,74.2,26.3,58.4,45.1,7.8,21.4,36.7,13.6,18.3,74.5,9.9,25.4,35.3,12.3,6.8,4.7,13.8,17.4,49.80%,25.60%,19.00%,16.90%,22.70%,-2.5,0.917,0.951,,,,,,,,,,,,,,,,,,,,,,,,,,,,,,,
Incarnate Word Cardinals,32,67,23,55.4,41.6,8.6,24.8,34.8,12.3,15.8,78.4,7.9,21.7,29.7,11.6,5.2,1.8,13.5,17.4,44.30%,21.30%,19.80%,17.90%,23.40%,-3.8,0.9,0.954,,,,,,,,,,,,,,,,,,,,,,,,,,,,,,,
Indiana,33,71.5,26,56.8,45.9,6.1,18.1,33.9,13.3,19,69.9,9,27.3,36.3,14.9,5.7,5,11.9,17.3,52.00%,24.40%,17.00%,17.00%,24.70%,-0.2,0.937,0.939,,,,,,,,,,,,,,,,,,,,,,,,,,,,,,,
Indiana State Sycamores,31,70.5,25,56.7,44.1,8.7,26.1,33.3,11.7,15,77.8,6.3,27.7,34,13.1,6,1.9,13.2,15.2,48.20%,14.80%,18.80%,15.50%,20.90%,-4.3,0.875,0.934,,,,,,,,,,,,,,,,,,,,,,,,,,,,,,,
Iona Gaels,32,75.3,26.3,59,44.6,7.1,21.4,33.3,15.4,22.2,69.7,11.3,25.7,37,16.1,6.5,6.2,12.6,18.2,51.30%,30.00%,17.40%,18.60%,26.60%,1.9,0.964,0.938,,,,,,,,,,,,,,,,,,,,,,,,,,,,,,,
Iowa,35,83.8,29.9,64.5,46.4,9.3,25.2,36.8,14.7,19.6,74.9,11.9,25.4,37.3,16.1,7.4,4.4,9.2,16.2,51.30%,31.10%,12.80%,18.70%,24.60%,5.9,1.018,0.937,,,,,,,,,,,,,,,,,,,,,,,,,,,,,,,
Iowa State,32,66.5,24.5,55.8,43.9,6.7,20.9,32.1,10.8,15.7,68.4,9.4,22.6,32,14.7,8.4,3.1,13.8,18,49.20%,25.80%,20.00%,24.00%,25.00%,2.8,0.912,0.872,,,,,,,,,,,,,,,,,,,,,,,,,,,,,,,
IUPUI Jaguars,29,52.4,19.2,50.6,38,5.1,17.6,29.2,8.9,13.3,66.7,10.3,21.1,31.5,10.4,5.7,2.6,16.6,17.7,47.60%,26.50%,25.40%,20.00%,22.30%,-4.4,0.867,0.935,,,,,,,,,,,,,,,,,,,,,,,,,,,,,,,
Jackson State Tigers,30,61,23.1,56.7,40.8,5.2,17.2,30,9.5,15,63.4,11.2,23.9,35.1,10.8,6.1,3.9,13.2,17.1,51.00%,29.50%,19.40%,17.80%,21.40%,0.7,0.946,0.935,,,,,,,,,,,,,,,,,,,,,,,,,,,,,,,
Jacksonville Dolphins,31,67.1,24.8,55,45,6,17.4,34.7,11.5,16.3,70.8,10.8,25.5,36.4,12.5,6.5,1.9,11.4,15.1,55.10%,31.70%,18.30%,16.10%,23.30%,1.5,0.967,0.944,,,,,,,,,,,,,,,,,,,,,,,,,,,,,,,
Jacksonville State,31,73.9,26.4,56,47.2,9.3,24,38.8,11.8,17.3,68.1,9.6,27.3,36.9,14.5,6.2,2.9,13.3,14.2,52.50%,26.80%,19.60%,16.80%,23.00%,-2.4,0.92,0.955,,,,,,,,,,,,,,,,,,,,,,,,,,,,,,,
James Madison Dukes,29,75.1,27.7,59.9,46.3,7.4,21.5,34.5,12.2,17.6,69.7,9.3,24.2,33.4,13.4,8.5,2.1,12.4,16.4,47.10%,24.70%,17.50%,20.30%,24.30%,0.2,0.937,0.934,,,,,,,,,,,,,,,,,,,,,,,,,,,,,,,
Kansas City Roos,31,74.5,27.6,57.7,47.8,7.3,19.8,36.6,12.1,17.9,67.6,7.7,23.5,31.2,13.2,7.4,2.8,10.5,20.2,46.40%,19.80%,15.30%,20.70%,25.10%,2.7,0.934,0.896,,,,,,,,,,,,,,,,,,,,,,,,,,,,,,,
Kansas,34,78.6,28.6,59.6,48.1,7.1,20.1,35.5,14.1,19.5,72.4,11.1,26.3,37.4,15.4,6.4,4.1,12.5,15.9,53.30%,32.20%,17.40%,18.10%,24.60%,1.4,0.964,0.945,,,,,,,,,,,,,,,,,,,,,,,,,,,,,,,
Kansas State Wildcats,31,69,24.1,57.4,42,8.4,24.3,34.6,12.3,17,72.6,8.9,24.4,33.2,12.5,7.3,1.6,11.5,17.1,48.10%,23.40%,16.60%,19.40%,22.50%,1.1,0.943,0.927,,,,,,,,,,,,,,,,,,,,,,,,,,,,,,,
Kennesaw State Owls,31,74.8,27.4,59.2,46.3,8.3,22.8,36.5,11.6,17.6,66.2,10.7,24.8,35.5,14.4,7.1,2.8,12.4,17.1,50.00%,27.60%,17.10%,17.80%,24.80%,1.4,0.954,0.934,,,,,,,,,,,,,,,,,,,,,,,,,,,,,,,
Kent State Golden Flashes,33,71,25,56.7,44.1,7.5,22.7,33,13.5,18.1,74.7,10.4,25.6,36,12.4,7.2,3.5,12.4,18.2,52.50%,29.80%,18.30%,19.10%,24.90%,2.1,0.947,0.917,,,,,,,,,,,,,,,,,,,,,,,,,,,,,,,
Kentucky,33,79.5,30.4,62.8,48.4,6.2,17.6,34.9,12.5,17.1,73,12.9,27.4,40.3,16.1,6.8,4.2,11.6,14.2,57.10%,36.50%,16.30%,17.00%,22.30%,4.5,0.998,0.935,,,,,,,,,,,,,,,,,,,,,,,,,,,,,,,
La Salle Explorers,30,67.5,24.8,59.9,41.4,7.6,23.9,31.9,10.3,15,68.7,10.8,25.6,36.5,13.4,5.9,4.3,13.1,17.2,50.00%,26.80%,18.50%,16.40%,22.10%,-0.6,0.944,0.952,,,,,,,,,,,,,,,,,,,,,,,,,,,,,,,
Lafayette Leopards,30,67.8,25.2,58.3,43.3,8.8,26.7,32.8,8.6,12.5,68.4,8.1,23.8,31.9,16.2,6.3,3.4,11,14.4,45.70%,21.60%,16.10%,17.00%,19.90%,-1.3,0.941,0.96,,,,,,,,,,,,,,,,,,,,,,,,,,,,,,,
Lamar Cardinals,29,61.3,22.9,57,40.1,5.2,17.5,29.9,10.3,14.9,68.8,11.1,23.7,34.8,11.1,5.8,3,14.6,18.9,48.40%,27.60%,21.00%,17.40%,23.00%,-2.3,0.923,0.957,,,,,,,,,,,,,,,,,,,,,,,,,,,,,,,
Lehigh Mountain Hawks,32,68.4,24.9,55.7,44.7,8.1,21.3,38.2,10.6,14.3,74.1,7.1,26.2,33.3,14.2,4.4,3.6,13.3,16.9,48.60%,18.70%,18.80%,14.40%,21.10%,-5.4,0.892,0.969,,,,,,,,,,,,,,,,,,,,,,,,,,,,,,,
Liberty Flames,33,73.4,25.8,54.6,47.3,10.3,27,38.2,11.5,15.2,75.6,7.1,27.2,34.3,14.7,5.4,1.9,11.6,15,51.10%,20.40%,17.70%,16.80%,22.70%,-1.4,0.911,0.931,,,,,,,,,,,,,,,,,,,,,,,,,,,,,,,
Lipscomb Bisons,33,74,25.8,56.4,45.7,8.1,23.5,34.4,14.4,19.8,72.9,7.6,28.3,35.9,15.2,4.4,2.7,13.2,13.5,49.20%,20.20%,18.20%,13.60%,23.10%,-6.8,0.904,1,,,,,,,,,,,,,,,,,,,,,,,,,,,,,,,
Little Rock Trojans,28,66.7,23.3,55.1,42.2,7,20.9,33.7,13.2,17.9,73.5,8.6,22.9,31.5,13,6.9,2.1,13.8,16.8,45.60%,22.10%,20.00%,19.70%,24.50%,-1.5,0.901,0.922,,,,,,,,,,,,,,,,,,,,,,,,,,,,,,,
Long Beach State Beach,32,73.9,25.7,58.4,44,6.6,18.5,35.4,16,21.9,72.8,9.9,25.6,35.5,12.7,7,3.2,13.4,16.4,49.90%,25.00%,17.80%,19.60%,26.00%,1.3,0.931,0.913,,,,,,,,,,,,,,,,,,,,,,,,,,,,,,,
Long Island University Sharks,30,74.8,27.1,63.2,42.8,7.9,25.3,31.4,12.8,18.8,68,11.8,27.6,39.4,16.9,7.7,4.9,13.6,16.9,50.40%,30.20%,18.20%,17.90%,22.50%,0.7,0.964,0.954,,,,,,,,,,,,,,,,,,,,,,,,,,,,,,,
Longwood,32,76.3,26.7,58.8,45.4,8.2,21.6,38,14.8,20.5,72.4,12.2,25.1,37.3,14,7.8,2.4,12,15.5,53.90%,31.10%,17.80%,19.60%,26.40%,4.1,0.96,0.9,,,,,,,,,,,,,,,,,,,,,,,,,,,,,,,
Louisiana Ragin' Cajuns,31,71.1,24.7,57.8,42.8,7.4,21.3,34.6,14.3,20.3,70.3,11.9,26.9,38.8,12.4,6.8,4.4,15.4,17.9,53.30%,31.60%,21.50%,18.00%,26.00%,-1,0.926,0.94,,,,,,,,,,,,,,,,,,,,,,,,,,,,,,,
Louisiana Tech Bulldogs,34,75.2,26.8,58.9,45.5,8.3,24.3,34,13.4,18.5,72.5,9.3,26.9,36.2,13.7,6.5,2.1,11.5,14.6,49.40%,23.80%,16.50%,18.90%,23.90%,0.5,0.942,0.936,,,,,,,,,,,,,,,,,,,,,,,,,,,,,,,
Louisville Cardinals,32,67.3,24.8,58.8,42.2,7.7,24.8,30.9,9.9,14.8,67.4,10,26.5,36.5,11.9,6.1,2.4,12.2,17.2,50.80%,26.10%,17.70%,16.00%,21.90%,-0.1,0.951,0.952,,,,,,,,,,,,,,,,,,,,,,,,,,,,,,,
Loyola (MD) Greyhounds,30,66.1,24.9,56.3,44.2,6.9,21.6,31.9,9.4,13.8,68.4,8.4,23.7,32.1,14.9,7.9,2.7,13,15.3,49.10%,22.80%,19.10%,20.20%,21.60%,0.8,0.911,0.899,,,,,,,,,,,,,,,,,,,,,,,,,,,,,,,
Loyola Chicago,32,73.8,26.3,54.3,48.3,8.9,23.3,38.3,12.4,17.3,71.9,7.8,26.2,33.9,15,6.9,2.4,12.2,17.2,52.00%,24.00%,18.00%,19.50%,25.40%,1.1,0.918,0.902,,,,,,,,,,,,,,,,,,,,,,,,,,,,,,,
Loyola Marymount Lions,29,69.3,24.8,54.5,45.4,7.2,21,34.5,12.6,17.4,71.9,7.9,21.8,29.7,11.1,5.4,1.7,13.3,17.8,47.70%,22.60%,18.90%,17.80%,26.40%,-1.6,0.909,0.932,,,,,,,,,,,,,,,,,,,,,,,,,,,,,,,
LSU,33,73.1,26.1,59.4,44,6.5,20.5,31.9,14.3,19.6,73.2,12.1,24.8,36.9,12.7,11.1,4.4,14.5,19.5,51.40%,32.50%,20.00%,24.80%,22.80%,4.4,0.946,0.885,,,,,,,,,,,,,,,,,,,,,,,,,,,,,,,
Maine Black Bears,29,62.4,23.6,57,41.4,6.8,22,30.8,8.4,11.9,71,8.9,22.5,31.4,13.3,7.2,2.8,12.6,17.4,45.60%,21.90%,18.90%,17.90%,19.70%,-1.5,0.916,0.939,,,,,,,,,,,,,,,,,,,,,,,,,,,,,,,
Manhattan Jaspers,30,70.9,24.3,55.3,44,5.6,18.3,30.7,16.6,22.5,73.5,10.1,23.2,33.3,11.5,7.2,3.3,14.5,18,49.50%,28.20%,20.10%,19.50%,27.10%,-0.3,0.922,0.927,,,,,,,,,,,,,,,,,,,,,,,,,,,,,,,
Marist Red Foxes,30,68.8,25.4,57.9,43.9,7.5,21.8,34.4,10.4,14.5,71.9,9.1,26,35.1,9,5.8,3.4,12.4,15.6,50.00%,24.70%,17.90%,16.40%,22.80%,-1.1,0.937,0.953,,,,,,,,,,,,,,,,,,,,,,,,,,,,,,,
Marquette,31,74.4,26.9,59.4,45.3,8.6,24.8,34.7,11.9,15.9,74.7,7.7,27,34.7,16,7.9,5.1,12.5,17.5,47.10%,19.30%,16.90%,18.70%,20.70%,-3.5,0.912,0.959,,,,,,,,,,,,,,,,,,,,,,,,,,,,,,,
Marshall Thundering Herd,33,74,27.8,63.8,43.6,7.6,25.2,30.1,10.7,15.2,70.5,10.8,26.4,37.2,14.3,6.8,4.8,13.1,15.5,48.80%,25.60%,17.70%,17.40%,19.70%,0.7,0.944,0.934,,,,,,,,,,,,,,,,,,,,,,,,,,,,,,,
Maryland Terrapins,32,70.9,24.7,57,43.3,6.9,21.2,32.6,14.7,19.3,75.9,9.5,25.7,35.2,11.6,6.4,3.2,11.4,15.2,50.10%,26.20%,16.50%,15.80%,26.10%,-0.8,0.954,0.965,,,,,,,,,,,,,,,,,,,,,,,,,,,,,,,
Maryland-Eastern Shore Hawks,26,66.8,23.7,57.8,40.9,7.8,24.3,32,11.7,18,64.8,10.9,23.6,34.5,12.5,10.2,2.3,15.3,16.8,47.60%,25.80%,21.40%,23.30%,22.80%,1,0.904,0.89,,,,,,,,,,,,,,,,,,,,,,,,,,,,,,,
McNeese Cowboys,33,78.2,28.3,62.8,45.1,6.5,20.6,31.3,15.2,23,65.9,13.9,26.6,40.5,12.7,7.8,3.5,16.2,20.1,51.70%,31.10%,21.60%,17.40%,24.30%,-1.7,0.927,0.949,,,,,,,,,,,,,,,,,,,,,,,,,,,,,,,
Memphis,31,75.4,26.9,57.2,47.1,6.3,17.6,35.9,15.2,22,69.2,12.5,26.3,38.7,16.1,8.7,5.7,16.4,18.7,54.40%,36.10%,22.30%,20.60%,25.60%,0.1,0.928,0.926,,,,,,,,,,,,,,,,,,,,,,,,,,,,,,,
Mercer Bears,33,70.5,25.1,54.9,45.7,8.1,23.2,35.1,12.2,15.8,77,7.9,25.1,32.9,14.3,6.2,3,12.4,15.2,50.10%,23.30%,18.10%,15.60%,22.60%,-2.8,0.918,0.96,,,,,,,,,,,,,,,,,,,,,,,,,,,,,,,
Merrimack Warriors,30,61.4,22.4,53.3,42.1,7.1,21.6,33.1,9.4,14,67.5,7.5,21,28.5,11.5,9,4,11.8,16,43.00%,20.00%,18.00%,22.00%,21.70%,-1.4,0.913,0.935,,,,,,,,,,,,,,,,,,,,,,,,,,,,,,,
Miami (OH) Redhawks,32,75.3,27.2,61.9,43.9,9.1,26.4,34.6,11.8,14.9,78.7,9.8,24.8,34.6,13.8,5.5,3.2,10.4,16,47.30%,23.90%,14.60%,17.50%,23.00%,1.3,0.966,0.949,,,,,,,,,,,,,,,,,,,,,,,,,,,,,,,
Miami,33,74.8,27.6,57.7,47.8,7.3,20.7,35.3,12.4,16.6,74.3,7.5,22.9,30.5,14,8.7,2.9,9.6,14.9,46.90%,20.80%,13.90%,20.00%,22.00%,1.8,0.951,0.926,,,,,,,,,,,,,,,,,,,,,,,,,,,,,,,
Michigan State,34,72.1,26,56.9,45.7,7.2,19,37.8,12.9,17.3,74.7,10,27.1,37.1,15.8,5.8,5.1,13.1,17,53.20%,28.50%,18.80%,15.00%,24.30%,-2.3,0.934,0.967,,,,,,,,,,,,,,,,,,,,,,,,,,,,,,,
Michigan,31,73,27.1,57.9,46.8,6.4,18.7,34,12.5,16.7,74.6,10,25.5,35.5,14.2,4.8,3.1,11.5,15.6,54.20%,29.40%,16.80%,14.70%,23.10%,0.4,0.959,0.953,,,,,,,,,,,,,,,,,,,,,,,,,,,,,,,
Middle Tennessee Blue Raiders,33,74.4,26,58.3,44.6,8.2,25.1,32.8,14.2,18.7,76,10.5,24.8,35.3,12.5,8,4.2,13.2,18.2,50.80%,28.40%,18.90%,20.30%,24.40%,1.3,0.934,0.916,,,,,,,,,,,,,,,,,,,,,,,,,,,,,,,
Milwaukee Panthers,32,64.8,23.8,56.4,42.2,6.2,19.6,31.7,10.9,15.3,71.7,9,26.9,35.9,11.4,4.9,3.7,13.2,16.9,49.00%,24.00%,19.20%,14.60%,21.80%,-5.5,0.918,0.998,,,,,,,,,,,,,,,,,,,,,,,,,,,,,,,
Minnesota Golden Gophers,30,67,24.8,56.6,43.8,7.8,21.2,36.8,9.6,13.4,71.8,6.1,24.6,30.7,12.6,5.3,2.8,9.2,14.1,45.00%,14.30%,13.70%,15.50%,22.00%,-2.4,0.93,0.966,,,,,,,,,,,,,,,,,,,,,,,,,,,,,,,
Mississippi State Bulldogs,33,70.9,25.4,55.9,45.4,4.6,15.7,29.5,15.5,21.5,72.2,11.5,25.1,36.6,13.4,8.1,3.4,13.1,15.7,54.40%,32.80%,19.00%,19.20%,24.60%,3,0.957,0.914,,,,,,,,,,,,,,,,,,,,,,,,,,,,,,,
Mississippi Valley State Delta Devils,28,67.2,23.8,61.5,38.6,7.1,23.4,30.4,12.6,19.3,65.5,9.7,21.9,31.6,11.6,7.4,2.5,13.5,18.2,42.30%,21.70%,17.70%,20.30%,22.30%,0,0.93,0.93,,,,,,,,,,,,,,,,,,,,,,,,,,,,,,,
Missouri State Bears,33,77.5,28.1,58.1,48.4,8.3,22.2,37.4,12.9,16.2,79.5,8.2,27.1,35.3,12.3,5.3,3.3,10.6,15.5,52.10%,23.90%,15.20%,15.50%,24.70%,0.4,0.951,0.944,,,,,,,,,,,,,,,,,,,,,,,,,,,,,,,
Missouri Tigers,33,65.5,23.9,56.2,42.6,5.2,18.5,28.1,12.4,16.8,73.6,11,24,35,12.1,6.5,4.1,14.4,17.9,50.90%,29.60%,21.10%,17.50%,23.30%,-1.7,0.921,0.945,,,,,,,,,,,,,,,,,,,,,,,,,,,,,,,
Monmouth Hawks,34,68.6,23.6,56.3,41.8,6.4,19.2,33.1,15.1,20.8,72.8,10.4,26.1,36.5,11.7,6.3,3.3,11.7,18.1,50.90%,27.70%,17.00%,17.40%,27.10%,0.7,0.961,0.951,,,,,,,,,,,,,,,,,,,,,,,,,,,,,,,
Montana Grizzlies,32,72.2,24.8,54.8,45.3,7,20,34.9,15.6,19.8,78.5,6.3,24.4,30.6,13.1,5.5,2.8,10.3,18.7,45.30%,16.00%,15.30%,18.70%,27.20%,0.8,0.916,0.905,,,,,,,,,,,,,,,,,,,,,,,,,,,,,,,
Montana State,34,77,26.5,55.8,47.5,7.6,20.7,36.9,16.3,21.6,75.3,8.7,26.7,35.4,13.2,5.2,3.7,12.8,18.2,52.80%,25.10%,18.10%,17.90%,28.60%,0.6,0.919,0.911,,,,,,,,,,,,,,,,,,,,,,,,,,,,,,,
Morehead State Eagles,34,70,25.5,56,45.6,8.3,23.1,36,10.6,15.9,66.7,10.4,26.2,36.6,16.1,5.9,5.8,13.5,15,51.70%,30.00%,19.90%,17.00%,23.80%,-2.1,0.934,0.965,,,,,,,,,,,,,,,,,,,,,,,,,,,,,,,
Morgan State Bears,27,75.4,27.6,63,43.9,6.4,20,31.9,13.7,20.4,67.3,12.1,24.7,36.9,15,8.5,3.4,15.5,19.6,49.60%,28.90%,20.80%,22.60%,22.60%,3,0.92,0.881,,,,,,,,,,,,,,,,,,,,,,,,,,,,,,,
Mount St. Mary's Mountaineers,30,66.1,25,56.4,44.3,5.9,17.2,34.5,10.2,14.8,68.8,10.8,24.2,35,13.3,5.7,4,12.9,15.7,50.80%,28.00%,19.50%,18.40%,23.70%,-0.3,0.932,0.937,,,,,,,,,,,,,,,,,,,,,,,,,,,,,,,
Murray State,32,79.3,29,60.6,47.9,8.1,22.8,35.3,13.2,19,69.4,12.5,26.7,39.2,14.7,7.9,3.1,11.4,15,54.90%,33.80%,16.70%,20.50%,23.70%,5.9,0.988,0.902,,,,,,,,,,,,,,,,,,,,,,,,,,,,,,,
Navy Midshipmen,32,65,24.1,56,43,5.8,17.7,32.6,11.1,16.9,65.5,12,25.3,37.3,12.3,7.1,3.3,12.9,16,54.00%,31.50%,19.30%,19.80%,25.30%,3.5,0.954,0.902,,,,,,,,,,,,,,,,,,,,,,,,,,,,,,,
NC State Wolfpack,32,73,25.8,62.4,41.3,8.3,24.5,34.1,13.2,18.2,72.5,11.8,23.1,34.8,11.3,7,3.7,10.1,16.5,48.10%,27.60%,14.10%,17.90%,23.60%,3.6,0.997,0.947,,,,,,,,,,,,,,,,,,,,,,,,,,,,,,,
Nebraska Cornhuskers,32,73.3,26,58.6,44.4,7,21.9,32,14.3,19.5,73.1,7.3,25.8,33.1,12.8,7.2,2.7,12.6,17.4,45.20%,18.80%,16.90%,18.00%,24.40%,-3.5,0.915,0.962,,,,,,,,,,,,,,,,,,,,,,,,,,,,,,,
Nevada Wolf Pack,31,72.5,25.9,57.6,44.9,7,20.9,33.3,13.8,18.5,74.9,8.4,26.4,34.7,14.6,6.4,3.3,13.2,17.6,49.60%,23.20%,18.10%,18.00%,25.30%,-0.4,0.92,0.926,,,,,,,,,,,,,,,,,,,,,,,,,,,,,,,
New Hampshire Wildcats,28,68.8,25.2,57.3,44,8.6,23.6,36.6,9.7,14.5,66.9,10,25.9,35.9,12.1,4.6,2.9,9.1,13.4,52.40%,26.00%,14.40%,13.70%,23.50%,1.9,0.979,0.949,,,,,,,,,,,,,,,,,,,,,,,,,,,,,,,
New Mexico Lobos,32,74.3,26.1,60,43.4,7.8,22.6,34.4,14.3,19.1,75,8.8,25.2,34,11.8,6.3,4.3,11.7,18.4,46.80%,21.30%,15.80%,17.60%,24.50%,-0.3,0.94,0.944,,,,,,,,,,,,,,,,,,,,,,,,,,,,,,,
New Mexico State,32,73.3,25.9,56.6,45.7,7.8,24,32.6,13.7,19.7,69.8,11.3,27.2,38.5,13.9,5.1,4.2,14,15.9,54.60%,32.60%,20.30%,16.60%,27.50%,-0.9,0.937,0.95,,,,,,,,,,,,,,,,,,,,,,,,,,,,,,,
New Orleans Privateers,31,77.3,27.9,59.3,47.1,4.2,13.4,31.2,17.3,23.7,72.9,9.2,27.1,36.3,13.2,7.9,2.8,14.3,18.6,48.30%,22.60%,18.90%,19.30%,26.30%,-2.8,0.902,0.938,,,,,,,,,,,,,,,,,,,,,,,,,,,,,,,
Niagara Purple Eagles,30,67.4,24.6,55.9,43.9,7,20.2,34.5,11.3,15.5,73.1,7.7,24.7,32.4,12.2,5.6,2.7,10.9,15.2,48.10%,21.50%,16.50%,17.00%,24.30%,-1.3,0.936,0.957,,,,,,,,,,,,,,,,,,,,,,,,,,,,,,,
Nicholls Colonels,32,79.1,31.1,65.7,47.3,8.2,24.8,33,8.8,14,63.1,11.9,26.5,38.4,13.5,8.3,3.9,12.3,18.3,49.80%,30.10%,17.00%,19.30%,20.70%,2.2,0.967,0.938,,,,,,,,,,,,,,,,,,,,,,,,,,,,,,,
NJIT Highlanders,29,63,22.6,55.3,40.9,6.4,19.6,32.7,11.3,17.2,65.9,8.3,26,34.3,10.1,6.1,3.7,12.8,15.9,47.60%,21.60%,18.30%,16.30%,24.40%,-2.5,0.918,0.954,,,,,,,,,,,,,,,,,,,,,,,,,,,,,,,
Norfolk State,30,75.1,26.5,57,46.6,7,20.2,34.8,15,21.5,69.8,10.1,28.6,38.8,12.6,6.7,3.7,14,17.7,52.60%,28.00%,19.50%,18.10%,26.00%,-1.1,0.925,0.94,,,,,,,,,,,,,,,,,,,,,,,,,,,,,,,
North Alabama Lions,30,69.4,25.1,63.4,39.5,8.3,26.2,31.6,11,14.6,75.3,11,25.1,36.1,10.1,6.8,3.5,11.9,18.6,46.20%,24.30%,16.70%,18.50%,20.40%,1.6,0.958,0.936,,,,,,,,,,,,,,,,,,,,,,,,,,,,,,,
North Carolina A&T Aggies,32,67.7,25.2,59.3,42.4,6.3,20.2,31.2,11,16.9,65.4,11.2,24.3,35.5,12.3,7.8,3.2,12.7,19.1,48.10%,28.20%,17.80%,19.50%,22.40%,1.9,0.96,0.934,,,,,,,,,,,,,,,,,,,,,,,,,,,,,,,
North Carolina Central Eagles,31,72.8,26.1,58.1,44.9,6.5,19.5,33.2,14.1,21.1,66.8,11.9,24.2,36.1,12.4,8.7,2.2,15.7,20.4,50.70%,30.80%,23.10%,21.60%,26.90%,-0.1,0.903,0.905,,,,,,,,,,,,,,,,,,,,,,,,,,,,,,,
North Carolina,33,77.5,27.6,61,45.3,8.3,22.8,36.2,14,18.1,77.2,10.7,29.1,39.8,14.8,5.4,3.8,11.7,14.4,55.40%,28.60%,16.20%,13.90%,22.70%,1.4,0.967,0.947,,,,,,,,,,,,,,,,,,,,,,,,,,,,,,,
North Dakota Fighting Hawks,31,70.3,23.8,58.9,40.5,9,26,34.5,13.6,18.5,73.4,10.1,25.3,35.5,12,4,1.9,12,17.4,49.20%,24.20%,17.10%,13.30%,26.20%,-2.1,0.945,0.974,,,,,,,,,,,,,,,,,,,,,,,,,,,,,,,
North Dakota State Bison,33,74.8,26.3,56.9,46.2,7.6,21.2,35.8,14.7,19.3,76.1,8.5,28.9,37.4,11.1,3.9,3.5,11.6,15.6,52.40%,23.20%,16.70%,12.50%,25.00%,-3.2,0.936,0.981,,,,,,,,,,,,,,,,,,,,,,,,,,,,,,,
North Florida Ospreys,31,68.5,23.4,56.2,41.6,9.5,28.2,33.9,12.2,16.8,72.7,9.1,24.7,33.8,12.7,5.5,4.8,14.6,15.7,44.90%,23.50%,21.00%,16.20%,22.70%,-7.3,0.894,0.997,,,,,,,,,,,,,,,,,,,,,,,,,,,,,,,
North Texas Mean Green,30,64.9,22.5,50.6,44.4,7.6,21.3,35.6,12.4,19,65,10.3,23.6,33.9,10.8,6.7,2.7,11.5,15.7,53.00%,29.90%,18.40%,19.60%,27.50%,3.4,0.956,0.902,,,,,,,,,,,,,,,,,,,,,,,,,,,,,,,
Northeastern Huskies,31,64.3,22.9,52.4,43.7,6.8,21.2,32,11.8,16,73.4,8.1,23.9,32,11.4,4.7,2.7,14,15.2,51.60%,24.60%,20.90%,15.40%,24.00%,-3.2,0.896,0.943,,,,,,,,,,,,,,,,,,,,,,,,,,,,,,,
Northern Arizona Lumberjacks,32,67.5,24.1,57.7,41.7,8.7,24.2,35.8,10.8,16.2,66.4,10.5,26.3,36.7,12.6,4.5,2.5,13.5,18.3,51.70%,26.10%,20.00%,13.50%,23.30%,-3.1,0.923,0.969,,,,,,,,,,,,,,,,,,,,,,,,,,,,,,,
Northern Colorado Bears,35,78.2,27.5,58.1,47.3,10.3,26.8,38.3,13,18,72.1,7.5,26.6,34.1,12.3,4.1,2.8,12.3,17.6,49.10%,20.10%,16.70%,14.20%,24.30%,-3.1,0.917,0.959,,,,,,,,,,,,,,,,,,,,,,,,,,,,,,,
Northern Illinois Huskies,30,64.1,23,54.9,41.9,5.8,18.4,31.7,12.3,18.2,67.5,8.5,23.8,32.3,11.2,6.3,2.7,13.7,20.4,47.10%,21.10%,19.50%,19.30%,24.50%,-2.3,0.899,0.931,,,,,,,,,,,,,,,,,,,,,,,,,,,,,,,
Northern Iowa Panthers,30,74.4,25.6,55.9,45.9,8.4,23.9,35,14.8,18.7,79,7,25.7,32.7,11.6,5.7,1.4,11.2,13.9,50.10%,18.10%,16.00%,17.90%,24.20%,0.6,0.916,0.907,,,,,,,,,,,,,,,,,,,,,,,,,,,,,,,
Northern Kentucky Norse,32,69.9,25.2,58.7,42.9,8.8,25.3,34.5,10.8,15.2,71.4,12.5,23.1,35.5,13.8,9.1,2.5,13.2,15.3,51.90%,35.20%,19.50%,20.60%,21.60%,3,0.969,0.925,,,,,,,,,,,,,,,,,,,,,,,,,,,,,,,
Northwestern State Demons,32,73.8,28,62.9,44.5,7.3,21.3,34.2,10.6,15.3,69.4,11,25,36,15,6.3,3.5,14.3,16.9,47.50%,25.50%,19.70%,16.70%,21.30%,-4.1,0.918,0.972,,,,,,,,,,,,,,,,,,,,,,,,,,,,,,,
Northwestern Wildcats,31,73,26.6,62.2,42.7,8.4,24.1,34.7,11.5,15.9,71.9,9.5,26,35.5,15.8,6.5,3.5,9.8,17.6,49.00%,23.20%,13.70%,18.80%,23.50%,4.9,0.974,0.906,,,,,,,,,,,,,,,,,,,,,,,,,,,,,,,
Notre Dame,32,72.5,25.9,56.1,46.2,9.2,24.1,38,11.5,15.1,75.8,7.2,26.9,34.1,14.2,5.1,1.9,10.3,12.9,50.30%,20.20%,15.20%,14.70%,22.60%,-1.6,0.937,0.96,,,,,,,,,,,,,,,,,,,,,,,,,,,,,,,
Oakland Golden Grizzlies,32,74.4,25.8,58.6,43.9,7.3,24.3,30.2,15.6,19.6,79.4,10.8,23.7,34.5,13.4,9,2.4,12.3,13.7,48.90%,29.00%,17.70%,20.10%,24.10%,0.5,0.954,0.948,,,,,,,,,,,,,,,,,,,,,,,,,,,,,,,
Ohio Bobcats,33,73.9,25.7,59.6,43.1,9.2,27.2,34,13.4,18.2,73.3,9.9,24.2,34.2,12.8,7.5,2.6,10.5,14.4,49.30%,24.90%,15.10%,20.20%,25.60%,4.6,0.968,0.902,,,,,,,,,,,,,,,,,,,,,,,,,,,,,,,
Ohio State,30,73.8,25.9,54.7,47.4,8.1,21.7,37.3,13.9,18.3,76,8.8,25.5,34.4,12.8,4.4,4.8,11,16.4,51.80%,27.30%,16.30%,14.90%,25.60%,-1.6,0.952,0.975,,,,,,,,,,,,,,,,,,,,,,,,,,,,,,,
Oklahoma Sooners,33,68.5,25,52.7,47.5,7.4,21.7,33.9,11.1,14.9,74.3,7.6,24.1,31.7,13.8,7.5,1.8,14.9,15.7,50.90%,23.50%,21.90%,20.30%,22.60%,-2.1,0.876,0.906,,,,,,,,,,,,,,,,,,,,,,,,,,,,,,,
Oklahoma State Cowboys,30,68.4,25.1,57.9,43.4,5.4,18.2,29.5,12.7,19.1,66.7,11.6,25.5,37.1,12.7,8.5,5.4,15.1,17.4,50.80%,31.30%,20.90%,22.20%,23.30%,1.6,0.933,0.911,,,,,,,,,,,,,,,,,,,,,,,,,,,,,,,
Old Dominion Monarchs,32,66.5,24.6,56.6,43.4,4.4,15,29.4,12.9,19.3,67.2,11.4,25.9,37.3,12.3,6.4,3.3,11.9,15.9,52.50%,30.10%,18.00%,16.70%,23.40%,0.5,0.964,0.957,,,,,,,,,,,,,,,,,,,,,,,,,,,,,,,
Ole Miss Rebels,32,68.1,24.8,57,43.5,6.9,21.3,32.6,11.6,16.3,71.1,9.3,24.2,33.4,13.2,7.1,2.8,12.2,15.2,49.40%,25.00%,17.70%,19.00%,23.00%,1.7,0.939,0.915,,,,,,,,,,,,,,,,,,,,,,,,,,,,,,,
Omaha Mavericks,30,69.6,25.2,58.4,43.1,7.1,19.9,35.5,12.2,16.7,73.1,8.8,24,32.8,10.9,4.8,2.6,13.7,19.2,46.60%,23.00%,19.00%,14.50%,23.30%,-4.5,0.918,0.98,,,,,,,,,,,,,,,,,,,,,,,,,,,,,,,
Oral Roberts Golden Eagles,31,83.3,30.2,66.2,45.7,11.6,30.6,38,11.2,15.4,73,11,29.2,40.2,11.7,5.5,4.2,9.9,15.4,51.20%,24.70%,13.00%,12.50%,20.70%,0,0.985,0.985,,,,,,,,,,,,,,,,,,,,,,,,,,,,,,,
Oregon Ducks,33,72.4,26.7,59.2,45.2,7.1,21.4,33.3,11.8,17.5,67.7,10.4,24.6,35,12.2,6.9,3.2,11.9,16.6,49.70%,27.20%,16.90%,18.90%,24.70%,1.1,0.954,0.939,,,,,,,,,,,,,,,,,,,,,,,,,,,,,,,
Oregon State Beavers,31,68.3,25.6,57.9,44.3,5.7,17.8,31.9,11.3,16,70.9,9,21.8,30.8,12.1,6,3,12.5,17.5,45.70%,23.20%,17.80%,17.10%,23.20%,-3,0.926,0.968,,,,,,,,,,,,,,,,,,,,,,,,,,,,,,,
Pacific Tigers,30,65.9,23.7,57,41.5,6.1,19.1,31.8,12.5,18.2,68.6,8.1,24.8,32.8,11.5,6.4,2.6,12.3,16.6,48.20%,21.30%,17.10%,18.50%,23.90%,1.9,0.929,0.902,,,,,,,,,,,,,,,,,,,,,,,,,,,,,,,
Penn State Nittany Lions,31,64.6,23.9,55.2,43.2,8,23.5,34.2,8.8,12,73.5,9.3,26.1,35.3,11.9,5.3,2.2,11.8,15.4,53.00%,26.60%,18.20%,13.50%,22.00%,-2.5,0.939,0.978,,,,,,,,,,,,,,,,,,,,,,,,,,,,,,,
Pennsylvania Quakers,28,72,26.7,59.9,44.6,8.1,24.1,33.5,10.5,14.5,72.8,8.8,25.7,34.5,12.6,5.5,2.3,11.8,17.3,48.80%,22.80%,16.60%,15.00%,20.50%,-2.2,0.937,0.968,,,,,,,,,,,,,,,,,,,,,,,,,,,,,,,
Pepperdine Waves,32,68.2,25.3,60.5,41.8,7.3,21.3,34,10.3,14.4,71.8,9.9,24.6,34.5,14.8,5.7,2.3,14.7,17.9,47.00%,24.80%,20.00%,17.60%,23.20%,-2.6,0.914,0.95,,,,,,,,,,,,,,,,,,,,,,,,,,,,,,,
Pittsburgh Panthers,32,61.5,21.1,50.9,41.4,5.4,17.1,31.4,14,20.1,69.6,9.9,23.9,33.8,11,5.4,3.8,13.6,15.3,52.10%,29.60%,20.80%,16.20%,26.30%,-1.1,0.928,0.945,,,,,,,,,,,,,,,,,,,,,,,,,,,,,,,
Portland Pilots,32,73.9,25.1,57.7,43.5,7.6,21.9,34.5,16.1,20.3,79.5,8.4,28.1,36.5,14,5,2.4,13.2,16.5,49.20%,22.10%,18.00%,16.80%,27.70%,-2.5,0.918,0.953,,,,,,,,,,,,,,,,,,,,,,,,,,,,,,,
Portland State Vikings,31,73.5,26.5,61.5,43,6.2,20.6,29.8,14.5,19.5,74.2,10.3,23.6,33.9,11.4,9.3,3.3,12.4,19.8,46.00%,23.80%,16.50%,22.80%,25.10%,4,0.943,0.889,,,,,,,,,,,,,,,,,,,,,,,,,,,,,,,
Prairie View A&M Panthers,27,69.5,24,56.1,42.8,6.3,18.3,34.5,15.2,21.6,70.3,11,24,35,11.4,8.5,3.1,17.4,21.4,49.20%,30.00%,23.40%,20.10%,25.20%,-3.8,0.891,0.942,,,,,,,,,,,,,,,,,,,,,,,,,,,,,,,
Presbyterian Blue Hose,32,67.9,24.9,59,42.1,5.7,21.2,27,12.5,18.6,67.2,12.3,23.3,35.6,12.8,8,2.7,13.6,19.2,52.20%,31.10%,19.30%,20.60%,24.30%,4.8,0.953,0.884,,,,,,,,,,,,,,,,,,,,,,,,,,,,,,,
Princeton Tigers,29,79.9,30.2,62,48.8,11,28.3,38.8,8.4,13,64.7,8.8,26.8,35.6,15.6,6.3,1.9,10.2,14.1,50.80%,22.80%,14.20%,15.30%,21.20%,0.8,0.961,0.95,,,,,,,,,,,,,,,,,,,,,,,,,,,,,,,
Providence,30,71.8,24.4,55.9,43.7,7.3,21.3,34.3,15.6,21.5,72.6,10.5,26.9,37.5,13.2,5,3.8,11.7,16,52.10%,28.50%,16.80%,15.40%,27.10%,-0.5,0.959,0.966,,,,,,,,,,,,,,,,,,,,,,,,,,,,,,,
Purdue,34,79.8,28.2,57.2,49.3,8.7,22.4,39.1,14.6,20.8,70.3,11.2,27.4,38.6,16.6,4.6,3.5,11.7,14.4,56.80%,33.60%,16.70%,14.00%,27.70%,0.8,0.972,0.96,,,,,,,,,,,,,,,,,,,,,,,,,,,,,,,
Purdue Fort Wayne Mastodons,32,73.7,26.3,57.3,45.9,9.6,25.7,37.2,11.5,15.3,75.3,7.5,23.5,30.9,14.3,8.8,2.5,13.4,15.4,47.30%,19.50%,19.00%,21.40%,22.60%,0,0.892,0.892,,,,,,,,,,,,,,,,,,,,,,,,,,,,,,,
Quinnipiac Bobcats,31,71.8,25.5,59,43.1,8.9,25.8,34.5,12,15.7,76.5,9.9,25.5,35.4,14.4,6.4,2.1,13,16.7,50.30%,26.60%,18.30%,16.90%,21.00%,-1.4,0.937,0.957,,,,,,,,,,,,,,,,,,,,,,,,,,,,,,,
Radford Highlanders,29,63.2,23,55.4,41.4,6.9,22.6,30.7,10.3,15.4,66.9,10.2,23.1,33.3,10.9,6.6,1.5,13.8,17.9,50.00%,26.80%,20.10%,19.70%,23.90%,1.2,0.924,0.906,,,,,,,,,,,,,,,,,,,,,,,,,,,,,,,
Rhode Island Rams,31,67.1,24.8,54.4,45.6,5.4,15.9,33.7,12.2,19.6,62,9.7,26.5,36.3,13.5,7.4,6,14.3,17.2,51.30%,26.70%,20.30%,18.90%,26.00%,-1.1,0.916,0.931,,,,,,,,,,,,,,,,,,,,,,,,,,,,,,,
Rice Owls,32,74.4,26.3,57.2,45.9,9.2,24.6,37.3,12.8,17.9,71.4,8.7,26.7,35.4,15.6,5.2,1.7,12.5,13.9,49.90%,22.90%,17.90%,14.10%,23.80%,-4.8,0.92,0.987,,,,,,,,,,,,,,,,,,,,,,,,,,,,,,,
Richmond,35,71.7,25.4,57.2,44.4,8.1,24.1,33.7,12.8,17.7,72.5,7.5,24.8,32.3,14.7,7.9,2.3,9.8,13.9,47.60%,20.70%,14.10%,18.90%,22.50%,1.3,0.954,0.934,,,,,,,,,,,,,,,,,,,,,,,,,,,,,,,
Rider Broncs,33,67.8,25,60.5,41.4,5.6,17.3,32.2,12.2,16.5,73.6,10.9,26.2,37.1,12.7,6.8,2.5,11.8,17.1,50.30%,27.40%,16.90%,18.00%,23.20%,1.3,0.965,0.947,,,,,,,,,,,,,,,,,,,,,,,,,,,,,,,
Robert Morris Colonials,32,69.4,25.7,55.5,46.3,6,17.7,33.9,11.9,15.7,75.9,9,23.6,32.6,12.7,6,3.8,14.3,15.5,48.70%,26.80%,20.40%,16.60%,20.80%,-4,0.909,0.967,,,,,,,,,,,,,,,,,,,,,,,,,,,,,,,
Rutgers,31,67.9,25.5,57.6,44.3,6.1,18.1,33.6,10.9,15.5,70.1,10.1,25.2,35.4,15,7.2,3.9,11.5,15.8,51.20%,28.10%,17.00%,17.80%,22.80%,1.7,0.962,0.937,,,,,,,,,,,,,,,,,,,,,,,,,,,,,,,
Sacramento State Hornets,29,65.4,24,55.7,43.1,6.8,18.8,35.9,10.7,15.8,67.8,7.8,23.4,31.1,11,6,2.8,11.1,17.2,46.00%,19.70%,16.40%,17.30%,23.50%,-0.5,0.928,0.936,,,,,,,,,,,,,,,,,,,,,,,,,,,,,,,
Sacred Heart Pioneers,30,72.7,26.9,60.4,44.5,8.1,23.5,34.3,10.8,14.9,72.5,11.2,25,36.2,14.5,5.5,2.2,13.9,15.6,49.80%,28.60%,19.20%,15.40%,22.90%,-3.3,0.937,0.984,,,,,,,,,,,,,,,,,,,,,,,,,,,,,,,
Saint Joseph's Hawks,30,67.6,24.9,59.1,42.1,8.9,26.6,33.6,8.9,13.6,65.4,9.7,27.9,37.6,13.5,4.9,2.5,13.5,16.1,51.70%,23.80%,19.20%,13.40%,19.40%,-4.3,0.917,0.978,,,,,,,,,,,,,,,,,,,,,,,,,,,,,,,
Saint Louis Billikens,34,76.4,27.4,59.7,46,6.8,18.3,37.1,14.7,19.3,76.3,11.9,26.7,38.6,14.8,6.5,3.2,12.9,18.1,54.00%,31.50%,18.30%,17.70%,23.90%,1.1,0.953,0.938,,,,,,,,,,,,,,,,,,,,,,,,,,,,,,,
Saint Mary's,32,69.8,26.2,56.4,46.3,7.2,20.4,35,10.3,13.5,76.2,8.6,25.2,33.8,13.4,7,2.6,11.3,15.6,53.10%,24.70%,16.70%,19.10%,21.90%,2.7,0.937,0.897,,,,,,,,,,,,,,,,,,,,,,,,,,,,,,,
Saint Peter's,30,66.9,23.6,54.7,43.1,5.9,16.6,35.3,13.9,20.3,68.3,11,25.2,36.2,12.2,7.3,4.9,13.9,19.5,51.80%,28.90%,20.20%,20.30%,26.30%,1.5,0.929,0.907,,,,,,,,,,,,,,,,,,,,,,,,,,,,,,,
Sam Houston Bearkats,33,68.8,25.6,60.1,42.6,8.7,25.4,34.3,8.9,14.7,60.5,11.8,25.6,37.4,14.1,7.6,2.5,12.6,18,50.80%,29.40%,18.10%,20.30%,23.50%,4.3,0.967,0.904,,,,,,,,,,,,,,,,,,,,,,,,,,,,,,,
Samford Bulldogs,32,74.7,26.8,60.1,44.5,8.8,26.2,33.6,12.4,17,73,10.6,25,35.6,12.8,7.5,2.9,13.8,17.6,50.80%,29.20%,18.90%,17.50%,23.10%,-0.6,0.938,0.945,,,,,,,,,,,,,,,,,,,,,,,,,,,,,,,
San Diego State,31,65.3,23.7,54.7,43.3,6,16.9,35.8,11.9,17.1,69.5,9.8,25.3,35.1,11.9,7.5,4.7,12.7,17.4,51.80%,27.20%,18.80%,21.20%,25.20%,2,0.933,0.903,,,,,,,,,,,,,,,,,,,,,,,,,,,,,,,
San Diego Toreros,31,65.8,24.8,58,42.8,5.5,16.4,33.5,10.7,14.9,71.5,9.6,26.3,35.9,9.9,5.1,3.7,12.5,15.9,49.80%,24.10%,18.20%,15.70%,23.40%,-2,0.931,0.959,,,,,,,,,,,,,,,,,,,,,,,,,,,,,,,
San Francisco,33,77.1,27.6,60.5,45.7,9.6,27.2,35.4,12.2,17.5,69.6,10.8,27.2,38,13.1,7.7,4.6,12.9,17.9,53.30%,28.70%,17.80%,18.10%,23.80%,2.5,0.952,0.917,,,,,,,,,,,,,,,,,,,,,,,,,,,,,,,
San José State Spartans,31,64.3,23.7,55.4,42.7,8.8,25,35.2,8.1,12.4,65.8,7.6,23.5,31.1,13,5.2,3.2,13.2,16.4,45.30%,20.90%,19.70%,15.50%,21.50%,-4.6,0.902,0.971,,,,,,,,,,,,,,,,,,,,,,,,,,,,,,,
Santa Clara Broncos,32,78.1,29.1,59.4,49,7.3,18.9,38.8,12.5,16.4,76.2,7.6,27.7,35.3,15.2,6.1,3.7,11.5,15,50.40%,21.50%,15.80%,16.40%,22.60%,-1.9,0.929,0.955,,,,,,,,,,,,,,,,,,,,,,,,,,,,,,,
SE Louisiana Lions,33,79.1,26.9,58.3,46.2,8.9,24.9,35.9,16.4,21.6,75.7,9.1,23.7,32.8,15.4,7.9,3.9,14.2,16.1,46.10%,24.50%,19.60%,19.50%,26.10%,-2.5,0.91,0.943,,,,,,,,,,,,,,,,,,,,,,,,,,,,,,,
Seattle U Redhawks,32,74.8,25.9,62.2,41.7,9.7,28.4,34,13.3,17.4,76.6,10,27.6,37.6,13.6,6.9,3.6,11.6,20.6,49.60%,23.90%,16.00%,20.10%,24.60%,3.5,0.955,0.908,,,,,,,,,,,,,,,,,,,,,,,,,,,,,,,
Seton Hall,31,72.9,25.6,60.4,42.3,7.4,21.6,34,14.4,19,75.7,12.2,26.7,38.9,10.4,7,5.5,12,15.6,51.80%,31.30%,17.10%,18.10%,23.00%,2.1,0.98,0.95,,,,,,,,,,,,,,,,,,,,,,,,,,,,,,,
Siena Saints,29,66.3,23.8,55.9,42.6,6.8,19,35.6,11.9,16.2,73.3,8.3,24.7,32.9,10,6.2,4,12.6,16,48.20%,22.00%,18.10%,17.00%,22.70%,-2.5,0.918,0.953,,,,,,,,,,,,,,,,,,,,,,,,,,,,,,,
SIU Edwardsville Cougars,32,67.5,24.1,57.8,41.8,5.9,20.2,29.1,13.4,19.4,69.1,13,25.5,38.5,12.3,7.1,3.8,15.1,18.3,50.40%,29.80%,21.20%,18.70%,24.90%,-1.2,0.921,0.938,,,,,,,,,,,,,,,,,,,,,,,,,,,,,,,
SMU Mustangs,31,74.4,25.2,56.8,44.4,8.8,24.2,36.3,15.1,20.4,74.2,9.5,28.1,37.6,14,6.3,4.4,12.3,15.3,50.50%,25.40%,17.20%,16.70%,24.80%,-2.6,0.939,0.976,,,,,,,,,,,,,,,,,,,,,,,,,,,,,,,
South Alabama Jaguars,30,71.4,25.9,56.6,45.8,6.7,19.9,33.6,12.8,18.2,70.3,9.7,24.8,34.5,11.5,6.9,4.9,12.6,16.7,48.50%,24.80%,19.00%,20.30%,24.40%,-1.1,0.918,0.933,,,,,,,,,,,,,,,,,,,,,,,,,,,,,,,
South Carolina Gamecocks,31,71,26.2,61.7,42.4,6.8,21.5,31.6,11.8,17.6,67.1,13,25.3,38.3,14,7.8,5.1,15.2,19.4,50.50%,31.80%,20.90%,20.90%,24.40%,0.9,0.938,0.925,,,,,,,,,,,,,,,,,,,,,,,,,,,,,,,
South Carolina State Bulldogs,31,71.8,25.7,65.5,39.3,6.4,21.2,30,14.1,20.4,68.9,15.2,26.6,41.8,12.2,6.6,3.6,15,19.8,51.20%,32.90%,19.50%,19.70%,23.80%,4.3,0.975,0.917,,,,,,,,,,,,,,,,,,,,,,,,,,,,,,,
South Carolina Upstate Spartans,30,70.9,25.4,56.7,44.8,7.9,22,36.1,12.2,16.4,74.5,7.5,25,32.5,13.6,6.3,3.5,12.8,19.2,46.00%,19.80%,18.40%,17.30%,22.70%,-4.1,0.902,0.959,,,,,,,,,,,,,,,,,,,,,,,,,,,,,,,
South Dakota Coyotes,31,75.1,26.7,57.4,46.6,7.1,19.1,37.4,14.5,19.4,75,8.9,25.5,34.4,11.9,4.4,2.3,10,17.6,52.10%,24.80%,14.90%,15.30%,27.90%,1.6,0.961,0.939,,,,,,,,,,,,,,,,,,,,,,,,,,,,,,,
South Dakota State,34,86.7,31.1,59.2,52.5,9.4,20.9,44.9,15.2,20,75.9,7.6,27.9,35.6,15.2,6.1,2.5,11,15.4,52.20%,21.90%,15.00%,15.60%,25.40%,-0.9,0.935,0.947,,,,,,,,,,,,,,,,,,,,,,,,,,,,,,,
South Florida Bulls,31,57.5,21.6,57.7,37.4,4.5,17.6,25.3,9.8,14.7,66.6,11.4,24.5,35.9,10.9,6.2,3.7,12.5,17.1,50.00%,27.10%,18.50%,18.40%,22.70%,1.8,0.952,0.926,,,,,,,,,,,,,,,,,,,,,,,,,,,,,,,
Southeast Missouri State Redhawks,32,75.6,25.6,58.5,43.7,8.8,25.5,34.4,15.7,21.4,73.2,9.2,24.2,33.3,13.9,6.5,2.7,13.2,20.3,48.10%,24.50%,17.70%,17.90%,26.20%,-0.3,0.932,0.935,,,,,,,,,,,,,,,,,,,,,,,,,,,,,,,
Southern Illinois Salukis,31,64,23,51.6,44.6,7.7,21.8,35.4,10.3,15,69,7.1,23.3,30.4,12,5.5,2.1,11.4,15.3,49.40%,20.50%,17.70%,18.40%,23.00%,0.4,0.914,0.908,,,,,,,,,,,,,,,,,,,,,,,,,,,,,,,
Southern Jaguars,31,71.9,25.5,57.9,44,6.9,19.5,35.3,14,20.1,69.6,9.5,21.9,31.5,13.4,10.5,2.6,14.5,20.5,47.40%,25.20%,20.10%,24.80%,25.60%,2.4,0.909,0.877,,,,,,,,,,,,,,,,,,,,,,,,,,,,,,,
Southern Miss Golden Eagles,33,64.4,24.3,56.5,42.9,5.4,17.1,31.3,10.5,15.3,68.8,8.3,25.3,33.5,12.3,5,2.8,13.3,16,47.70%,22.30%,19.40%,15.60%,21.50%,-4.1,0.909,0.969,,,,,,,,,,,,,,,,,,,,,,,,,,,,,,,
Southern Utah Thunderbirds,31,78.4,27.5,60.2,45.8,8.3,24.3,34,15,21.1,71.4,10.4,27.5,37.8,11.6,6.3,2.6,12.6,17.4,52.10%,24.50%,16.60%,17.30%,24.30%,1.9,0.941,0.915,,,,,,,,,,,,,,,,,,,,,,,,,,,,,,,
St. Bonaventure Bonnies,29,70.1,26.3,58.4,45.1,5.8,18.2,31.8,11.7,15.7,74.7,9.4,24.9,34.3,13.7,6.5,4.9,10.6,13.3,50.40%,26.10%,15.50%,18.90%,22.50%,3,0.964,0.919,,,,,,,,,,,,,,,,,,,,,,,,,,,,,,,
St. Francis (BKN) Terriers,30,67.5,25,61,40.9,7,22.3,31.3,10.6,14.9,71.1,11.4,23.9,35.3,11.9,6.7,2.6,12.5,16.7,48.60%,26.70%,17.50%,18.40%,20.70%,1.2,0.955,0.938,,,,,,,,,,,,,,,,,,,,,,,,,,,,,,,
St. Francis (PA) Red Flash,30,68.6,25.5,60.3,42.3,5.9,18.7,31.5,11.8,18.2,64.8,11.9,24.7,36.6,13,6.6,2.8,12.6,14.7,48.60%,28.20%,17.70%,17.90%,23.10%,0.1,0.963,0.962,,,,,,,,,,,,,,,,,,,,,,,,,,,,,,,
St. John's Red Storm,32,79.6,30.3,66.8,45.3,7.3,21.6,33.5,11.8,17.4,67.7,12,25.9,37.8,18.8,8.8,5.5,11.9,17.9,49.30%,28.90%,15.60%,20.80%,21.90%,4,0.979,0.926,,,,,,,,,,,,,,,,,,,,,,,,,,,,,,,
St. Thomas - Minnesota Tommies,30,74.7,26.7,60.5,44.1,11.1,31.2,35.7,10.2,13.5,75.8,7.4,22.2,29.6,12.6,5.2,1.3,8.1,17.1,44.40%,18.60%,12.40%,15.90%,23.60%,1.1,0.963,0.947,,,,,,,,,,,,,,,,,,,,,,,,,,,,,,,
Stanford Cardinal,32,66.4,24.1,55.6,43.3,7.3,21.5,33.9,11,16.7,65.9,11.5,25.4,36.9,13.1,5.6,2.6,15,17.4,55.10%,32.40%,21.90%,16.10%,24.20%,-0.3,0.929,0.934,,,,,,,,,,,,,,,,,,,,,,,,,,,,,,,
Stephen F. Austin Lumberjacks,31,74.7,27.4,57.7,47.5,6,17.9,33.4,13.9,20.5,67.8,11.8,23.7,35.5,15.2,9,4.2,16.5,19.8,51.50%,32.40%,21.70%,23.60%,26.70%,2.3,0.917,0.885,,,,,,,,,,,,,,,,,,,,,,,,,,,,,,,
Stetson Hatters,30,69.7,25.5,59.3,43,8.5,24.3,35,10.2,14.7,69,10.5,25.1,35.6,14.3,7,2.9,13,14.8,49.80%,25.50%,19.10%,15.70%,21.00%,-2,0.927,0.956,,,,,,,,,,,,,,,,,,,,,,,,,,,,,,,
Stony Brook Seawolves,31,72.9,26.3,60,43.8,8.2,24.2,33.9,12.2,16.2,75.2,9.7,25,34.8,11.2,6.7,2.9,10.6,14.3,48.70%,24.50%,15.20%,17.00%,23.20%,0.2,0.962,0.959,,,,,,,,,,,,,,,,,,,,,,,,,,,,,,,
Syracuse Orange,33,77.4,27.7,61.5,45.1,9.1,24.1,37.7,12.8,17.4,73.7,10.6,25.7,36.3,14.6,7,3.8,10.7,14.2,49.00%,27.20%,14.90%,16.20%,20.40%,-0.3,0.972,0.976,,,,,,,,,,,,,,,,,,,,,,,,,,,,,,,
Tarleton Texans,31,64.6,22.7,54.3,41.9,5,16.5,30.5,14.1,18.6,75.4,9.5,21.1,30.5,11.3,7.6,2.2,12.2,18.2,45.70%,24.30%,17.80%,24.10%,26.30%,2.8,0.934,0.893,,,,,,,,,,,,,,,,,,,,,,,,,,,,,,,
TCU,32,68.1,25.3,57.4,44.1,5.6,18.3,30.4,12,17.9,66.8,13,25.8,38.8,13.6,6.3,4.2,14.5,15.3,56.10%,36.20%,21.20%,18.00%,23.30%,1.2,0.954,0.937,,,,,,,,,,,,,,,,,,,,,,,,,,,,,,,
Temple Owls,29,66.8,22.4,56.7,39.5,6.7,21.7,31.1,15.3,22.5,67.9,12.3,26.5,38.8,11.8,6.8,4.6,12.6,18.4,51.70%,31.20%,18.00%,16.80%,27.80%,0.7,0.971,0.962,,,,,,,,,,,,,,,,,,,,,,,,,,,,,,,
Tennessee State Tigers,32,71.3,25.8,57.8,44.6,6.6,18.8,35,13.2,18.4,71.5,10.4,24.6,35,12.3,6.8,3.3,13.9,19.1,50.30%,27.40%,19.30%,19.10%,22.60%,-0.2,0.927,0.929,,,,,,,,,,,,,,,,,,,,,,,,,,,,,,,
Tennessee Tech Golden Eagles,32,72.8,28,62.4,44.9,7,20.5,34.2,9.7,14.7,66.1,11.6,25.5,37.1,16,7.3,3.7,13.3,14.5,50.00%,29.40%,18.60%,17.80%,19.80%,-0.2,0.949,0.952,,,,,,,,,,,,,,,,,,,,,,,,,,,,,,,
Tennessee,33,73.2,25.9,60.2,43,8.8,24.4,35.9,12.7,17.8,71.2,11.9,25.2,37.2,16.1,9.3,4.4,12.4,17,52.20%,31.40%,17.50%,22.50%,24.70%,6.2,0.972,0.886,,,,,,,,,,,,,,,,,,,,,,,,,,,,,,,
Texas A&M Aggies,35,72.8,25.9,58.4,44.3,6.9,20.4,33.6,14.2,20.4,69.7,12.1,23.2,35.3,13.8,10.2,3.5,13.4,17.9,50.30%,30.80%,18.80%,23.40%,24.80%,3.1,0.948,0.904,,,,,,,,,,,,,,,,,,,,,,,,,,,,,,,
Texas A&M-CC,34,76.9,27,60.7,44.5,6.4,19,33.5,16.6,22.3,74.4,12.9,25.4,38.4,15,8.5,1.7,14.2,20.3,52.10%,32.90%,19.50%,22.20%,27.50%,4.6,0.957,0.895,,,,,,,,,,,,,,,,,,,,,,,,,,,,,,,
Texas,32,68.3,24.3,55,44.2,6.4,19.8,32.3,13.3,17.8,74.9,10.5,23.1,33.6,13,7.7,3.4,11.8,17.4,51.10%,30.30%,17.80%,22.70%,27.10%,4.2,0.959,0.897,,,,,,,,,,,,,,,,,,,,,,,,,,,,,,,
Texas Southern,30,69.2,25.4,58,43.7,5.8,18.2,31.7,12.7,19,67.1,12.1,27.4,39.5,10.7,5.6,5,14.9,17.8,53.50%,32.90%,20.90%,17.00%,25.50%,-0.6,0.94,0.949,,,,,,,,,,,,,,,,,,,,,,,,,,,,,,,
Texas State Bobcats,28,70.7,25.6,55.1,46.4,6.4,16.8,38.1,13.2,17.4,75.9,10,23.4,33.4,12.3,6.6,3.6,12.5,16.9,50.60%,29.60%,18.60%,21.90%,26.40%,3,0.944,0.9,,,,,,,,,,,,,,,,,,,,,,,,,,,,,,,
Texas Tech,34,71.7,25.9,55.2,47,6,19,31.4,13.9,19.9,69.9,10.6,25.9,36.5,13.6,8.2,3.5,13.9,16.2,54.60%,31.90%,19.80%,23.10%,26.40%,3.9,0.932,0.876,,,,,,,,,,,,,,,,,,,,,,,,,,,,,,,
The Citadel Bulldogs,31,76.8,27,60.8,44.5,10.7,30.3,35.4,12,17.9,67.2,9.4,27.9,37.3,16.1,4.7,3.6,12.2,15.4,47.50%,21.90%,16.80%,13.50%,23.20%,-4.6,0.933,0.996,,,,,,,,,,,,,,,,,,,,,,,,,,,,,,,
Toledo Rockets,33,80.7,30.1,62.2,48.4,7,19.4,36,13.5,17.9,75.4,10.6,29.5,40.1,15.4,5.5,2.7,10.3,15.2,53.00%,28.50%,14.50%,15.10%,23.40%,-0.3,0.982,0.987,,,,,,,,,,,,,,,,,,,,,,,,,,,,,,,
Towson Tigers,33,73.2,25.7,56.9,45.1,7.8,21.7,35.9,14,19.5,72.1,12,24.6,36.6,13.5,7.2,2.7,11.9,17.3,54.90%,34.10%,17.60%,18.80%,26.10%,3.6,0.977,0.924,,,,,,,,,,,,,,,,,,,,,,,,,,,,,,,
Troy Trojans,31,69.2,24.1,56.8,42.4,7.5,22.9,32.7,13.5,18.7,72.1,11.4,25.9,37.3,13.8,7.9,2.2,15.2,17.5,51.90%,30.50%,21.50%,20.00%,25.30%,0.4,0.926,0.921,,,,,,,,,,,,,,,,,,,,,,,,,,,,,,,
Tulane Green Wave,29,73.1,25.3,57.3,44.2,8.1,22.1,36.5,14.4,19.1,75.6,6.8,24.8,31.6,13.5,7.9,3.3,10.5,16.1,44.70%,18.00%,14.70%,19.90%,22.60%,-0.9,0.933,0.946,,,,,,,,,,,,,,,,,,,,,,,,,,,,,,,
Tulsa Golden Hurricane,31,67.4,24,55.4,43.4,6.8,20,34.2,12.5,17.2,72.6,9,23.6,32.6,11.8,6.8,2.2,12.8,16,48.40%,23.20%,18.60%,19.60%,24.30%,-1.2,0.915,0.932,,,,,,,,,,,,,,,,,,,,,,,,,,,,,,,
UAB,34,80.7,29.7,63.4,46.8,8,21,37.9,13.4,18.1,73.8,12.2,26.2,38.4,13,9.6,4.3,11.5,16.6,53.10%,32.00%,15.90%,20.90%,21.60%,5.8,0.98,0.9,,,,,,,,,,,,,,,,,,,,,,,,,,,,,,,
UC Davis Aggies,24,67.8,25,56.9,44,6.1,18.3,33.3,11.7,16.5,70.5,9,25.3,34.3,11.3,6,2.9,12.5,18.5,49.00%,25.00%,17.50%,18.80%,25.10%,0.1,0.936,0.934,,,,,,,,,,,,,,,,,,,,,,,,,,,,,,,
UC Irvine Anteaters,25,66.2,24.4,55.1,44.2,5,15.5,32.5,12.5,16.3,76.5,10.1,26.2,36.3,10.9,6,3.6,13.5,18,51.90%,29.00%,20.20%,16.90%,24.10%,-1.7,0.929,0.954,,,,,,,,,,,,,,,,,,,,,,,,,,,,,,,
UC Riverside Highlanders,28,66.6,24.4,55.1,44.2,7.2,22.4,32,10.6,14.8,72,7.9,27.6,35.5,13.3,5.3,1.3,12.3,16,50.90%,18.90%,18.00%,15.80%,22.10%,-2.4,0.902,0.938,,,,,,,,,,,,,,,,,,,,,,,,,,,,,,,
UC San Diego Tritons,29,70.2,24,54.2,44.4,9.1,24.7,37,13,17.4,74.8,5.9,24.6,30.6,13.6,5.8,1.8,12.6,14.6,46.00%,16.10%,18.60%,16.90%,24.50%,-4.6,0.882,0.949,,,,,,,,,,,,,,,,,,,,,,,,,,,,,,,
UC Santa Barbara Gauchos,28,73.8,27,54.5,49.4,5.4,16.4,33.2,14.4,20.4,70.8,9.1,25.8,34.9,15.6,6.3,2.9,13.3,17.3,51.60%,28.00%,19.00%,19.10%,28.00%,0.4,0.926,0.921,,,,,,,,,,,,,,,,,,,,,,,,,,,,,,,
UCF Knights,30,69.8,24.7,58.3,42.3,8.8,25.1,35,11.7,16.6,70.3,11.1,24.2,35.2,14.5,7,3.7,13,15.7,49.70%,29.80%,18.60%,20.20%,23.20%,1.7,0.95,0.926,,,,,,,,,,,,,,,,,,,,,,,,,,,,,,,
UCLA,32,76.4,27.9,62.1,45,6.9,19.6,35.1,13.6,18.5,73.6,11.6,25.5,37.1,14,7,3.3,9.2,16.3,52.80%,29.80%,13.10%,19.30%,24.60%,7.8,1.012,0.902,,,,,,,,,,,,,,,,,,,,,,,,,,,,,,,
UConn,32,75.2,26.8,61.6,43.6,7.4,21.1,35.3,14.1,18.8,75,14,26.9,40.9,14,6,6.5,11.9,16.8,55.30%,36.80%,16.90%,17.50%,24.30%,4.4,1.006,0.943,,,,,,,,,,,,,,,,,,,,,,,,,,,,,,,
UIC Flames,30,72,26.6,60.5,44,9,27.9,32.4,9.7,13.8,70.5,8.7,24.7,33.4,14.7,5.8,4,12,17.2,48.20%,23.70%,16.90%,16.50%,20.60%,0,0.939,0.94,,,,,,,,,,,,,,,,,,,,,,,,,,,,,,,
UL Monroe Warhawks,31,72.5,27.1,59.6,45.4,7.1,20.9,33.8,11.3,15.5,72.4,8.9,23.5,32.4,15,7.2,2.7,12.7,16.8,45.50%,21.70%,18.60%,19.00%,22.10%,-3,0.91,0.953,,,,,,,,,,,,,,,,,,,,,,,,,,,,,,,
UMass Lowell River Hawks,31,70.7,26.8,60.2,44.5,5.9,19.3,30.6,11.2,15.9,70.2,10.6,25.3,35.9,11.7,7.3,4.2,12.5,16.1,49.20%,26.70%,17.90%,19.10%,21.90%,0.6,0.945,0.936,,,,,,,,,,,,,,,,,,,,,,,,,,,,,,,
UMass Minutemen,32,75.7,25.7,59.4,43.3,9.5,25.6,37.1,14.8,19.5,75.8,10.5,23.3,33.7,13.7,6.5,2.6,11.6,17.1,49.00%,27.10%,16.20%,17.60%,24.10%,1.3,0.959,0.941,,,,,,,,,,,,,,,,,,,,,,,,,,,,,,,
UMBC Retrievers,32,73.7,25.4,57.3,44.4,9.2,24.3,37.8,13.7,17.5,78.4,7.4,25.3,32.8,12.4,4.8,2.1,11,13.3,47.10%,19.70%,15.90%,16.20%,24.10%,-2.1,0.928,0.958,,,,,,,,,,,,,,,,,,,,,,,,,,,,,,,
UNC Asheville Bulldogs,30,74.9,25.7,56.4,45.5,8.1,22.8,35.7,15.4,21.2,72.6,9.3,24.6,33.9,12.6,6.5,4.9,12.3,15.8,46.80%,23.90%,17.80%,18.40%,26.60%,-1.6,0.925,0.948,,,,,,,,,,,,,,,,,,,,,,,,,,,,,,,
UNC Greensboro Spartans,31,65,23.5,54.4,43.1,7.2,21.2,34,10.9,15,72.5,10.8,24.2,35.1,12,6.4,1.6,13.1,15.3,53.70%,30.30%,19.80%,18.30%,23.90%,1.1,0.936,0.92,,,,,,,,,,,,,,,,,,,,,,,,,,,,,,,
UNC Wilmington Seahawks,32,70.3,24.7,58.9,41.8,7.1,21.7,32.8,13.9,19.2,72.6,10.6,23,33.6,10.6,7.7,4.3,10.5,17.7,47.40%,26.70%,15.00%,19.80%,25.90%,3.1,0.979,0.935,,,,,,,,,,,,,,,,,,,,,,,,,,,,,,,
UNLV Rebels,32,69.9,24.4,57.6,42.5,8.2,24.5,33.6,12.8,17.3,73.8,9.7,26.5,36.1,13.8,6.1,2.8,11.2,17.8,50.40%,25.80%,16.70%,16.90%,25.10%,0.6,0.957,0.947,,,,,,,,,,,,,,,,,,,,,,,,,,,,,,,
USC,33,72.6,26.8,59.2,45.4,6.7,18.9,35.4,12.2,18.3,66.6,11.9,28.2,40.2,14.2,5.1,4.5,12,15.6,54.20%,31.30%,17.20%,14.30%,24.80%,-0.6,0.972,0.981,,,,,,,,,,,,,,,,,,,,,,,,,,,,,,,
UT Arlington Mavericks,29,67.2,24.5,58.5,41.9,6.3,20.2,31.3,11.8,16.8,70.1,11.6,25.2,36.8,14,7.8,4.2,14,18,49.00%,28.70%,19.80%,19.80%,24.10%,-0.1,0.939,0.941,,,,,,,,,,,,,,,,,,,,,,,,,,,,,,,
UT Martin Skyhawks,30,68.9,25.4,61.2,41.5,6.8,22.8,29.9,11.3,16.1,70,11.8,25.1,36.9,11.8,6.6,4.4,13.3,18.1,48.20%,26.80%,18.90%,17.90%,21.00%,-0.9,0.939,0.952,,,,,,,,,,,,,,,,,,,,,,,,,,,,,,,
UT Rio Grande Valley Vaqueros,31,71.4,24.5,55.5,44.1,6.3,20.8,30.4,16.1,23.1,69.5,8.9,25.6,34.5,12.2,5.2,3.2,15.4,20,46.50%,22.80%,20.20%,17.50%,27.30%,-5.4,0.895,0.967,,,,,,,,,,,,,,,,,,,,,,,,,,,,,,,
Utah State Aggies,33,73.5,27,56.4,47.9,7.8,22.6,34.3,11.7,16.1,72.5,8.3,26.9,35.2,17.9,6.2,2.1,12.5,16.5,52.70%,24.60%,18.20%,18.30%,24.30%,0.6,0.924,0.915,,,,,,,,,,,,,,,,,,,,,,,,,,,,,,,
Utah Utes,31,69.7,24.3,58,41.9,7.6,22.8,33.5,13.5,17.4,77.4,10.5,25.8,36.3,13.5,4.6,2.9,12.3,16.5,50.20%,26.20%,17.60%,14.80%,24.10%,-2.4,0.946,0.98,,,,,,,,,,,,,,,,,,,,,,,,,,,,,,,
Utah Valley Wolverines,32,71.2,24.9,54.9,45.4,6.4,17.2,37.1,15,21,71.4,11,29.5,40.5,14.8,5.5,4.5,15.5,16.8,55.40%,30.00%,21.70%,15.30%,27.80%,-3.6,0.914,0.964,,,,,,,,,,,,,,,,,,,,,,,,,,,,,,,
UTEP Miners,32,68.8,24.5,57,43,7.6,21.6,35.2,12.3,16.1,76,8.1,23.8,31.8,11.9,7.5,3.6,11.8,18.5,46.10%,21.00%,16.70%,20.50%,22.40%,0.7,0.93,0.92,,,,,,,,,,,,,,,,,,,,,,,,,,,,,,,
UTSA Roadrunners,32,67.3,24.8,62.8,39.6,6.3,21.3,29.4,11.3,16.6,68.2,12.7,25.6,38.3,11.4,5.7,2.5,12.7,16.4,49.60%,27.10%,17.30%,16.60%,21.60%,1.9,0.968,0.942,,,,,,,,,,,,,,,,,,,,,,,,,,,,,,,
Valparaiso Beacons,32,70.8,26.1,56.9,45.9,7.2,21.6,33.2,11.3,14.9,75.9,6.8,25.5,32.3,12.5,6.4,3,11.1,13.5,48.00%,17.30%,16.20%,16.20%,20.60%,-1.7,0.914,0.94,,,,,,,,,,,,,,,,,,,,,,,,,,,,,,,
Vanderbilt Commodores,33,70.4,23.4,55.1,42.4,8.7,25.4,34.1,15,21.6,69.3,9.5,24.5,34,11.7,7.5,3.3,13.4,18.2,49.10%,25.20%,18.90%,20.70%,27.80%,1,0.924,0.911,,,,,,,,,,,,,,,,,,,,,,,,,,,,,,,
VCU Rams,30,66.1,24.6,53.6,45.9,5.5,16.1,34.3,11.3,16.3,69.4,8.4,24.1,32.5,14,9.3,5.1,15.2,18.7,48.50%,24.80%,21.70%,24.70%,24.60%,-0.1,0.886,0.888,,,,,,,,,,,,,,,,,,,,,,,,,,,,,,,
Vermont,33,74.9,27.6,55.9,49.3,8.8,24,36.4,11,14.8,74.7,7.3,27.8,35.1,15.2,5.2,2.5,9.7,13.8,54.60%,21.10%,14.60%,16.80%,24.20%,1.8,0.941,0.914,,,,,,,,,,,,,,,,,,,,,,,,,,,,,,,
Villanova,33,72.6,24.6,56.3,43.7,9.3,25.9,35.9,14.1,17.2,82.3,10.2,24.7,34.9,12.1,6.2,2.3,10,15.2,51.90%,29.30%,15.10%,18.30%,25.40%,3,0.981,0.935,,,,,,,,,,,,,,,,,,,,,,,,,,,,,,,
Virginia Cavaliers,32,62.6,23.4,52.1,44.9,5,15.5,32.2,10.8,14.6,73.9,8.7,22.8,31.5,14,5.8,4.5,9.8,13.8,50.00%,25.60%,15.90%,17.90%,22.90%,0.9,0.96,0.945,,,,,,,,,,,,,,,,,,,,,,,,,,,,,,,
Virginia Tech,35,70.7,26,55.3,47.1,9,22.9,39.3,9.7,13.1,74.3,8.6,23.6,32.2,14.4,5.4,3.2,10.8,14.7,51.50%,26.30%,16.60%,18.50%,22.60%,1.6,0.948,0.924,,,,,,,,,,,,,,,,,,,,,,,,,,,,,,,
VMI Keydets,31,79.1,27.5,59.8,46.1,12.5,32.8,38.3,11.4,14.5,78.5,8.3,28.2,36.4,16.2,4.8,2.8,11.4,14.8,47.90%,20.60%,16.30%,14.00%,21.80%,-5.3,0.926,1.001,,,,,,,,,,,,,,,,,,,,,,,,,,,,,,,
Wagner Seahawks,27,74.4,27.7,59.7,46.3,5.1,17.9,28.5,14,19.3,72.6,11.9,25.4,37.3,14.6,8.4,2.8,12.5,19.8,52.80%,32.40%,17.60%,21.80%,24.70%,5.1,0.967,0.895,,,,,,,,,,,,,,,,,,,,,,,,,,,,,,,
Wake Forest Demon Deacons,32,79.5,28.6,58.5,48.8,8.6,24.6,35.1,13.7,18.7,73.3,8.8,27.9,36.8,15.1,6.4,3.9,13.6,15.8,52.30%,26.30%,18.50%,17.20%,24.20%,-1.4,0.924,0.943,,,,,,,,,,,,,,,,,,,,,,,,,,,,,,,
Washington Huskies,32,70.6,24.9,60.3,41.3,6.2,19.8,31.2,14.7,20.9,70.1,11,22.4,33.4,10.2,8.3,4.1,11.9,16.7,46.20%,27.20%,16.30%,21.50%,26.50%,2.8,0.965,0.927,,,,,,,,,,,,,,,,,,,,,,,,,,,,,,,
Washington State Cougars,33,71.9,24.7,60.3,41,9.1,26.7,34,13.5,18,74.7,12.4,24.1,36.5,11.2,6.4,4.5,11.4,17.6,51.30%,33.00%,16.40%,20.40%,25.70%,5.6,0.994,0.913,,,,,,,,,,,,,,,,,,,,,,,,,,,,,,,
Weber State Wildcats,33,76.2,26.6,56,47.5,7.2,21.1,33.9,15.8,21.1,74.9,6.6,25.5,32.1,10.6,7.7,2.5,11.6,15.4,48.10%,18.90%,16.20%,20.00%,26.80%,1,0.919,0.904,,,,,,,,,,,,,,,,,,,,,,,,,,,,,,,
West Virginia Mountaineers,33,68.5,23.6,57.1,41.3,6.3,19.2,32.8,14.9,20.6,72.4,10.8,21.5,32.2,10.5,7.8,4.5,12.5,17.5,47.20%,28.40%,17.80%,22.00%,27.30%,2.8,0.957,0.917,,,,,,,,,,,,,,,,,,,,,,,,,,,,,,,
Western Carolina Catamounts,32,70.7,24.6,61.3,40.2,10,31.3,31.9,11.5,17,67.3,11.6,25.9,37.5,12.9,4.9,2.4,12.4,17,49.10%,27.60%,17.40%,14.10%,22.40%,-1.5,0.965,0.985,,,,,,,,,,,,,,,,,,,,,,,,,,,,,,,
Western Illinois Leathernecks,31,78.7,28.1,64.1,43.8,8.8,26.2,33.6,13.7,19.4,70.9,11.5,26.7,38.1,11.5,6.3,2.6,11.5,17.6,51.50%,27.50%,15.70%,16.90%,25.20%,4.4,0.974,0.916,,,,,,,,,,,,,,,,,,,,,,,,,,,,,,,
Western Kentucky Hilltoppers,32,75.4,27.5,58.9,46.7,7.7,21.7,35.4,12.7,17.8,71.4,8.5,26.9,35.4,13.9,8.5,5.9,12.1,11.3,48.30%,23.30%,17.20%,19.40%,22.90%,-0.7,0.928,0.937,,,,,,,,,,,,,,,,,,,,,,,,,,,,,,,
Western Michigan Broncos,31,65.4,23.5,56,42.1,8.5,25.4,33.2,9.8,14.1,70,9.3,23.8,33.1,10.3,5.3,2.3,13.7,16.8,47.40%,24.60%,19.90%,14.70%,20.70%,-5.6,0.915,0.996,,,,,,,,,,,,,,,,,,,,,,,,,,,,,,,
Wichita State Shockers,28,68.5,23.5,58.4,40.3,7.5,24.2,31.2,13.9,18.5,75.3,11.9,25.2,37.1,12,7.5,4.6,12.9,16,51.50%,30.50%,18.20%,19.60%,23.30%,3.3,0.964,0.916,,,,,,,,,,,,,,,,,,,,,,,,,,,,,,,
William & Mary Tribe,32,63.9,22.6,56.2,40.2,6.8,21.9,30.8,11.9,16.8,70.5,9.9,25.4,35.3,11.5,6.6,3,16.2,16.8,49.10%,24.00%,22.60%,17.50%,22.90%,-4.1,0.882,0.94,,,,,,,,,,,,,,,,,,,,,,,,,,,,,,,
Winthrop Eagles,32,75.2,26.3,54.2,48.6,8.6,23.2,37.1,14,20,70,8.4,25.9,34.3,13.4,6.5,2.6,14.6,17.9,50.50%,23.80%,20.80%,19.00%,26.90%,-3.1,0.885,0.929,,,,,,,,,,,,,,,,,,,,,,,,,,,,,,,
Wisconsin,31,70.7,25,58.8,42.5,6.6,21.2,31.2,14.1,19,74.2,9.3,25.6,34.9,11.1,5.3,2.8,8.5,17,50.20%,24.10%,12.50%,16.50%,27.60%,3.9,0.991,0.934,,,,,,,,,,,,,,,,,,,,,,,,,,,,,,,
Wofford Terriers,32,72.6,25.6,54.9,46.5,9.5,26.6,35.6,12,15.8,75.8,8.5,22.7,31.2,13.3,6.9,1.5,11.6,15.2,51.80%,25.40%,17.50%,19.50%,25.00%,2.7,0.934,0.893,,,,,,,,,,,,,,,,,,,,,,,,,,,,,,,
Wright State,34,75.5,27.5,59.1,46.5,6.3,19.2,32.9,14.2,18.5,76.8,10.5,24.4,34.9,13.9,5.8,2.9,12.3,14.4,50.90%,29.40%,17.60%,18.10%,24.90%,0.5,0.952,0.944,,,,,,,,,,,,,,,,,,,,,,,,,,,,,,,
Wyoming,33,73,25.2,55.1,45.8,8.2,23.8,34.3,14.3,19.7,72.7,8.3,27.5,35.8,11.4,4,2,11.1,15.2,52.20%,23.30%,16.40%,15.50%,28.60%,-1.3,0.937,0.956,,,,,,,,,,,,,,,,,,,,,,,,,,,,,,,
Xavier Musketeers,31,73.9,26.2,58.8,44.6,6.8,21,32.5,14.7,20.9,70.1,10.4,26.9,37.3,14.5,7.3,4.4,11.6,15.5,51.90%,27.30%,16.20%,17.80%,24.90%,2.2,0.963,0.932,,,,,,,,,,,,,,,,,,,,,,,,,,,,,,,
Yale,30,72.3,25.7,57.9,44.4,6.9,21,33,13.9,18.9,73.9,8.9,27.1,36,11.9,6.2,3.2,12.9,17.4,50.00%,23.70%,17.80%,18.00%,24.70%,-0.6,0.927,0.935,,,,,,,,,,,,,,,,,,,,,,,,,,,,,,,
Youngstown State Penguins,32,72.8,26,57.9,45,7.7,22.1,34.7,13.1,17.4,75.2,10.3,24.5,34.8,11.9,5.3,2.6,11.6,17.3,50.90%,28.30%,16.80%,16.90%,25.20%,0.6,0.959,0.95,,,,,,,,,,,,,,,,,,,,,,,,,,,,,,,